{
  "alpha_home": 1.1190469990570466,
  "beta_home": -0.04257181721483816,
  "alpha_draw": 1.7514077212925245,
  "beta_draw": -0.10428063142283839,
  "alpha_away": 1.1063515069056589,
  "beta_away": -0.09831083091572224,
  "n_samples": 90
}