{
  "alpha_home": 1.1157121528667457,
  "beta_home": -0.05351651403688157,
  "alpha_draw": 1.651738124578313,
  "beta_draw": -0.08127208945386821,
  "alpha_away": 1.118273623952388,
  "beta_away": -0.0844786493704987,
  "n_samples": 102
}