{
  "alpha_home": 1.1160622662004658,
  "beta_home": -0.05341240035178302,
  "alpha_draw": 1.650413023390211,
  "beta_draw": -0.08067283401631997,
  "alpha_away": 1.1192270250020162,
  "beta_away": -0.08529438069902584,
  "n_samples": 102
}