{
  "alpha_home": 1.147850790882721,
  "beta_home": -0.032960253688556373,
  "alpha_draw": 1.6775797267685943,
  "beta_draw": -0.11795817556795918,
  "alpha_away": 1.083953432297398,
  "beta_away": -0.10066171541297986,
  "n_samples": 60
}