{
  "alpha_home": 1.1251161796942561,
  "beta_home": -0.038097775444559334,
  "alpha_draw": 1.7692503079693764,
  "beta_draw": -0.11080572644276337,
  "alpha_away": 1.1119989298260007,
  "beta_away": -0.11356021244793463,
  "n_samples": 72
}