{
  "alpha_home": 1.1219101419999618,
  "beta_home": -0.050949072327795664,
  "alpha_draw": 1.7446174553841,
  "beta_draw": -0.09971242139984349,
  "alpha_away": 1.1252302151927682,
  "beta_away": -0.09528447069889395,
  "n_samples": 98
}