{
  "alpha_home": 1.1184562445313255,
  "beta_home": -0.053555366173618446,
  "alpha_draw": 1.6096506570469096,
  "beta_draw": -0.07330070527341265,
  "alpha_away": 1.1274591339950866,
  "beta_away": -0.08802372184825952,
  "n_samples": 103
}