{
  "alpha_home": 1.1310595876752667,
  "beta_home": -0.04143547927612928,
  "alpha_draw": 1.7692678713235648,
  "beta_draw": -0.10922677644394685,
  "alpha_away": 1.1135092002818734,
  "beta_away": -0.11447152322946264,
  "n_samples": 72
}