{
  "alpha_home": 1.117407084646688,
  "beta_home": -0.032852150489978804,
  "alpha_draw": 1.6905269414704347,
  "beta_draw": -0.09693178587415352,
  "alpha_away": 1.1080498608353793,
  "beta_away": -0.09940343300616597,
  "n_samples": 83
}