{
  "alpha_home": 1.221657501257249,
  "beta_home": -0.12080877383499933,
  "alpha_draw": 1.461454723506874,
  "beta_draw": -0.06809156630611274,
  "alpha_away": 1.1082082243228855,
  "beta_away": -0.06778543333607137,
  "n_samples": 48
}