{
  "alpha_home": 1.118227779015047,
  "beta_home": -0.05028034307229656,
  "alpha_draw": 1.7188555930039813,
  "beta_draw": -0.09624902031136043,
  "alpha_away": 1.1220459983081985,
  "beta_away": -0.09113678037051398,
  "n_samples": 95
}