{
  "alpha_home": 1.1179946126128832,
  "beta_home": -0.05303604941039075,
  "alpha_draw": 1.6122974053658943,
  "beta_draw": -0.0734591119431442,
  "alpha_away": 1.1276734226421667,
  "beta_away": -0.08863486928833991,
  "n_samples": 103
}