{
  "alpha_home": 1.398658280185486,
  "beta_home": -0.18693636479374842,
  "alpha_draw": 1.5208083581860292,
  "beta_draw": -0.09466988091601125,
  "alpha_away": 1.0911754642318503,
  "beta_away": -0.08995380025043842,
  "n_samples": 39
}