{
  "alpha_home": 1.1495961978748586,
  "beta_home": -0.034024184379417455,
  "alpha_draw": 1.6912911009765803,
  "beta_draw": -0.12194596644375211,
  "alpha_away": 1.083390891392231,
  "beta_away": -0.09977380249086493,
  "n_samples": 60
}