{
  "alpha_home": 1.1162155664021838,
  "beta_home": -0.053265525762395016,
  "alpha_draw": 1.6497927390785803,
  "beta_draw": -0.08024679930336986,
  "alpha_away": 1.1200899689943213,
  "beta_away": -0.08600273169313616,
  "n_samples": 102
}