{
  "alpha_home": 1.1208970624472312,
  "beta_home": -0.05379899495086987,
  "alpha_draw": 1.7154667078384438,
  "beta_draw": -0.09768955826857734,
  "alpha_away": 1.1209512862256095,
  "beta_away": -0.08993240466908203,
  "n_samples": 96
}