{
  "alpha_home": 1.1326540306894757,
  "beta_home": -0.04318986959960858,
  "alpha_draw": 1.7534380213392975,
  "beta_draw": -0.10668824080465467,
  "alpha_away": 1.116522220855173,
  "beta_away": -0.10518293636483467,
  "n_samples": 79
}