{
  "alpha_home": 1.1283495993263828,
  "beta_home": -0.03989795905152799,
  "alpha_draw": 1.7693443958178916,
  "beta_draw": -0.10997779369556071,
  "alpha_away": 1.112899527939347,
  "beta_away": -0.1140875047661079,
  "n_samples": 72
}