{
  "alpha_home": 1.116268704244517,
  "beta_home": -0.05309141212445906,
  "alpha_draw": 1.6505945460532467,
  "beta_draw": -0.08012124554708488,
  "alpha_away": 1.1206713047531482,
  "beta_away": -0.08657997937610057,
  "n_samples": 102
}