{
  "alpha_home": 1.316053111683467,
  "beta_home": -0.15288143192522485,
  "alpha_draw": 1.457557110986418,
  "beta_draw": -0.07361308310952813,
  "alpha_away": 1.112193948758304,
  "beta_away": -0.08515457769892382,
  "n_samples": 40
}