{
  "alpha_home": 1.1200749697323251,
  "beta_home": -0.05319935923942393,
  "alpha_draw": 1.7219922537113215,
  "beta_draw": -0.09752512811690939,
  "alpha_away": 1.1218990216714655,
  "beta_away": -0.09139886314506024,
  "n_samples": 96
}