{
  "alpha_home": 1.1201044879780488,
  "beta_home": -0.05017881266682456,
  "alpha_draw": 1.7527289772543733,
  "beta_draw": -0.0997658324967437,
  "alpha_away": 1.1247051708437679,
  "beta_away": -0.0959979068872403,
  "n_samples": 98
}