{
  "alpha_home": 1.121629527474852,
  "beta_home": -0.05269334771595435,
  "alpha_draw": 1.7426922964352596,
  "beta_draw": -0.09996235458301289,
  "alpha_away": 1.1240994252365308,
  "beta_away": -0.09354715899686211,
  "n_samples": 97
}