{
  "alpha_home": 1.132858144582528,
  "beta_home": -0.042501236681481036,
  "alpha_draw": 1.768466262002143,
  "beta_draw": -0.10842319616601603,
  "alpha_away": 1.113922988230297,
  "beta_away": -0.11477443178481683,
  "n_samples": 72
}