{
  "alpha_home": 1.1651085600353144,
  "beta_home": -0.061336562399810446,
  "alpha_draw": 1.5065357687671588,
  "beta_draw": -0.09088689270832184,
  "alpha_away": 1.0885414810616048,
  "beta_away": -0.07400756463401287,
  "n_samples": 54
}