{
  "alpha_home": 1.1199666846650025,
  "beta_home": -0.03272366172519525,
  "alpha_draw": 1.6838290615314528,
  "beta_draw": -0.09683147062995645,
  "alpha_away": 1.1124483026693945,
  "beta_away": -0.1022557615104844,
  "n_samples": 82
}