{
  "alpha_home": 1.1187752490859122,
  "beta_home": -0.05483527410783562,
  "alpha_draw": 1.607991839126813,
  "beta_draw": -0.07385116286720705,
  "alpha_away": 1.1268417819741259,
  "beta_away": -0.08608009983955384,
  "n_samples": 103
}