{
  "alpha_home": 1.1511960656632811,
  "beta_home": -0.034964752200979166,
  "alpha_draw": 1.7026238867104249,
  "beta_draw": -0.12560732641103128,
  "alpha_away": 1.0834137558946697,
  "beta_away": -0.09896518916049135,
  "n_samples": 60
}