{
  "alpha_home": 1.3367570314372985,
  "beta_home": -0.1611067404433313,
  "alpha_draw": 1.4748163887276378,
  "beta_draw": -0.0798731999977983,
  "alpha_away": 1.117434341838628,
  "beta_away": -0.08713454885205396,
  "n_samples": 40
}