{
  "alpha_home": 1.1137868557785666,
  "beta_home": -0.05290915274707009,
  "alpha_draw": 1.7165208182688623,
  "beta_draw": -0.0919756872760954,
  "alpha_away": 1.1194185302497575,
  "beta_away": -0.08641621897781837,
  "n_samples": 101
}