{
  "alpha_home": 1.2538859349325389,
  "beta_home": -0.1309327805321331,
  "alpha_draw": 1.4469432926922219,
  "beta_draw": -0.06639420923712624,
  "alpha_away": 1.1205177585785382,
  "beta_away": -0.07676581142898453,
  "n_samples": 44
}