{
  "alpha_home": 1.1220355358437655,
  "beta_home": -0.052510387296575034,
  "alpha_draw": 1.7056657438059728,
  "beta_draw": -0.09477530441032408,
  "alpha_away": 1.1262664729755505,
  "beta_away": -0.09224770130935744,
  "n_samples": 94
}