{
  "alpha_home": 1.1056811286285249,
  "beta_home": -0.04782418972925456,
  "alpha_draw": 1.745776765982573,
  "beta_draw": -0.10033498615063219,
  "alpha_away": 1.1145336638097216,
  "beta_away": -0.08596471075880319,
  "n_samples": 99
}