{
  "alpha_home": 1.1205599716448646,
  "beta_home": -0.05037615629145498,
  "alpha_draw": 1.749774161904986,
  "beta_draw": -0.09960891746101452,
  "alpha_away": 1.1248788833791088,
  "beta_away": -0.09580595769151767,
  "n_samples": 98
}