{
  "alpha_home": 1.1310026110267852,
  "beta_home": -0.0427635450929284,
  "alpha_draw": 1.6963751076249483,
  "beta_draw": -0.09521031319662354,
  "alpha_away": 1.1224347192303552,
  "beta_away": -0.10861500642156349,
  "n_samples": 77
}