{
  "alpha_home": 1.1389080410707801,
  "beta_home": -0.046452277628080074,
  "alpha_draw": 1.7492519362951822,
  "beta_draw": -0.10628868534730551,
  "alpha_away": 1.12061475500169,
  "beta_away": -0.11297728410911861,
  "n_samples": 73
}