{
  "alpha_home": 1.118598516499157,
  "beta_home": -0.053964847605415756,
  "alpha_draw": 1.6084208997587426,
  "beta_draw": -0.07329354509044023,
  "alpha_away": 1.1274079284651612,
  "beta_away": -0.08750431843407025,
  "n_samples": 103
}