{
  "alpha_home": 1.121187619162527,
  "beta_home": -0.05066248343515667,
  "alpha_draw": 1.7471712639889387,
  "beta_draw": -0.09960219318310953,
  "alpha_away": 1.1250979294264334,
  "beta_away": -0.09557063487358408,
  "n_samples": 98
}