{
  "alpha_home": 1.1438172928151242,
  "beta_home": -0.046552433995642684,
  "alpha_draw": 1.6805434781949025,
  "beta_draw": -0.1046671161301524,
  "alpha_away": 1.1171477317156282,
  "beta_away": -0.10519176903986119,
  "n_samples": 66
}