{
  "alpha_home": 1.1182568649717641,
  "beta_home": -0.05317684503029052,
  "alpha_draw": 1.6116948437980148,
  "beta_draw": -0.07363534327925103,
  "alpha_away": 1.127549191380796,
  "beta_away": -0.0883760605730945,
  "n_samples": 103
}