{
  "alpha_home": 1.3969759470196925,
  "beta_home": -0.1484081507976317,
  "alpha_draw": 1.5988969463086251,
  "beta_draw": -0.12817562373958807,
  "alpha_away": 1.1279670222977203,
  "beta_away": -0.11469083620931064,
  "n_samples": 36
}