{
  "alpha_home": 1.1209967298471808,
  "beta_home": -0.04882832780496149,
  "alpha_draw": 1.6957201590328796,
  "beta_draw": -0.09630189544660939,
  "alpha_away": 1.109200501927666,
  "beta_away": -0.08962529909884942,
  "n_samples": 92
}