{
  "alpha_home": 1.4632647399820427,
  "beta_home": -0.2051077522394943,
  "alpha_draw": 1.6235605889800004,
  "beta_draw": -0.13904238498586896,
  "alpha_away": 1.1256339193636202,
  "beta_away": -0.09792549312069024,
  "n_samples": 39
}