{
  "alpha_home": 1.467393981741849,
  "beta_home": -0.21362014418019837,
  "alpha_draw": 1.58642346778902,
  "beta_draw": -0.11502395787288111,
  "alpha_away": 1.0932513109025996,
  "beta_away": -0.09574713160921869,
  "n_samples": 39
}