{
  "alpha_home": 1.1208253165945854,
  "beta_home": -0.04186340974293867,
  "alpha_draw": 1.711694477293067,
  "beta_draw": -0.09884880529200263,
  "alpha_away": 1.1014376410108953,
  "beta_away": -0.09891521460065425,
  "n_samples": 88
}