{
  "alpha_home": 1.4310196247512494,
  "beta_home": -0.172722238277223,
  "alpha_draw": 1.6275198895963683,
  "beta_draw": -0.13249642869610367,
  "alpha_away": 1.1292561657312532,
  "beta_away": -0.11172561647656679,
  "n_samples": 37
}