{
  "alpha_home": 1.1189410451804893,
  "beta_home": -0.05448496907226452,
  "alpha_draw": 1.60811055975538,
  "beta_draw": -0.07342489119575646,
  "alpha_away": 1.12743661905622,
  "beta_away": -0.08702254453908853,
  "n_samples": 103
}