{
  "alpha_home": 1.1145670585567897,
  "beta_home": -0.05297515177065937,
  "alpha_draw": 1.7130110961099065,
  "beta_draw": -0.09051916976413571,
  "alpha_away": 1.1202420570620528,
  "beta_away": -0.08750770657752427,
  "n_samples": 101
}