{
  "alpha_home": 1.1309937195498097,
  "beta_home": -0.03997323382838602,
  "alpha_draw": 1.6928266794085922,
  "beta_draw": -0.09541191613451439,
  "alpha_away": 1.1201385939219424,
  "beta_away": -0.11351765839483235,
  "n_samples": 74
}