{
  "alpha_home": 1.11761318617765,
  "beta_home": -0.04958925859612917,
  "alpha_draw": 1.7229245440541578,
  "beta_draw": -0.09674200403511932,
  "alpha_away": 1.1218823440215,
  "beta_away": -0.09167868015439828,
  "n_samples": 95
}