{
  "mean": [
    57.790849673202615,
    3.8359477124183026,
    0.21577310924369744,
    -0.07671895424836604,
    1.095131945956411,
    2.5879782135076264,
    0.2076252723311546,
    0.6283224400871459,
    0.01598474945533769,
    0.3374727668845316,
    0.7037755991285402,
    0.27003485838779945
  ],
  "std": [
    265.72834065523125,
    11.108041098367329,
    0.7578773502612802,
    0.5972652431595933,
    0.24308071162080144,
    8.250574811222227,
    1.0935391347570125,
    2.037854437378279,
    0.09698742770435631,
    1.1223634173871684,
    2.1509472577868514,
    0.85227064920516
  ],
  "coef": [
    [
      -0.583337484694498,
      -0.2827251506899805,
      0.18625581610628142,
      0.3432406290522194,
      0.24681330902633192,
      -0.09096747145837107,
      0.18565218290282556,
      0.2538672826508121,
      -0.21471026504736718,
      -0.35486503230150146,
      0.06528306646618216,
      -0.22674007645808716
    ],
    [
      -0.5285223776081648,
      0.35039890692024406,
      -0.16719370997003555,
      -0.43458797434011387,
      -0.46583314832351286,
      0.44009144529731736,
      -0.2880359128871116,
      -0.04113913468268929,
      0.17765220642487645,
      0.14351337795391844,
      0.06234721033412341,
      0.1231999483039589
    ],
    [
      1.1118598623026636,
      -0.06767375623026334,
      -0.019062106136245732,
      0.09134734528789373,
      0.21901983929718094,
      -0.34912397383894594,
      0.10238372998428603,
      -0.21272814796812226,
      0.0370580586224909,
      0.2113516543475837,
      -0.1276302768003047,
      0.1035401281541285
    ]
  ],
  "intercept": [
    -0.206204217593604,
    -0.1827806742605936,
    0.3889848918541964
  ],
  "classes": [
    -1,
    0,
    1
  ],
  "feature_names": [
    "elo_diff",
    "spi_diff",
    "xg_diff",
    "xga_diff",
    "ppda_ratio",
    "field_tilt_diff",
    "coach_rating_diff",
    "squad_depth_diff",
    "gk_quality_diff",
    "set_piece_diff",
    "shots_in_box_diff",
    "goal_creating_actions_diff"
  ],
  "n_samples": 153,
  "training_accuracy": 0.6862745098039216
}