{
  "mean": [
    76.18439716312056,
    4.5709219858156045,
    0.27605167173252265,
    -0.11175886524822695,
    1.1080873908868152,
    3.115288416075651,
    0.2565011820330969,
    0.744917257683215,
    0.015848699763593384,
    0.3825059101654847,
    0.8334940898345152,
    0.324676122931442
  ],
  "std": [
    222.40757432752514,
    10.74350563523561,
    0.7524546458099924,
    0.5655008061109971,
    0.24441782595005565,
    8.187152561047837,
    1.0812405190730159,
    2.012932912350377,
    0.0971044499112004,
    1.115840395479631,
    2.1315482028100643,
    0.8455591394939895
  ],
  "coef": [
    [
      -0.7041957680424729,
      -0.3499552902641911,
      0.19230205606333028,
      0.23154522473899836,
      0.1466410946400651,
      0.025645104420778813,
      0.06922881504308884,
      0.3007272963196728,
      -0.10849020990315837,
      -0.32370713907251975,
      0.10463072819698871,
      -0.24163545147241233
    ],
    [
      -0.7281995422615032,
      0.42957840793500984,
      -0.15856127808875736,
      -0.3931979612195351,
      -0.43651476226692093,
      0.4044509103538197,
      -0.3587920757116474,
      0.003041488008176275,
      0.18039892289867038,
      0.18364951589347317,
      -0.00576971214639253,
      0.2300533721672136
    ],
    [
      1.4323953103039764,
      -0.07962311767081857,
      -0.03374077797457296,
      0.1616527364805361,
      0.28987366762685574,
      -0.4300960147745989,
      0.2895632606685586,
      -0.30376878432784915,
      -0.07190871299551274,
      0.14005762317904671,
      -0.0988610160505957,
      0.011582079305198691
    ]
  ],
  "intercept": [
    -0.19885778072482904,
    -0.17972551080164312,
    0.37858329152647036
  ],
  "classes": [
    -1,
    0,
    1
  ],
  "feature_names": [
    "elo_diff",
    "spi_diff",
    "xg_diff",
    "xga_diff",
    "ppda_ratio",
    "field_tilt_diff",
    "coach_rating_diff",
    "squad_depth_diff",
    "gk_quality_diff",
    "set_piece_diff",
    "shots_in_box_diff",
    "goal_creating_actions_diff"
  ],
  "n_samples": 141,
  "training_accuracy": 0.7021276595744681
}