{
  "mean": [
    46.72121212121212,
    2.980000000000002,
    0.17432294372294377,
    -0.059563636363636374,
    1.0782692734304373,
    2.0232040404040417,
    0.1452525252525252,
    0.4874747474747472,
    0.011494949494949497,
    0.26505050505050504,
    0.545440404040404,
    0.2095050505050504
  ],
  "std": [
    294.2786473350023,
    11.740141963934397,
    0.7641536598134568,
    0.6174826636350264,
    0.2464871226668384,
    8.449468231078042,
    1.1121805046625912,
    2.0869140186927155,
    0.09728664720985172,
    1.1683641680140107,
    2.2025465163955174,
    0.8741859571538142
  ],
  "coef": [
    [
      -0.8850361879667672,
      -0.30297990274027803,
      0.10300465740836628,
      0.35506628608624363,
      0.25768970130800656,
      -0.0437787619379812,
      0.16799678328854145,
      0.2601887336725967,
      -0.22385052369407846,
      -0.22629885384742854,
      0.07245717959255332,
      -0.2232407909668741
    ],
    [
      -0.3267780600210519,
      0.32037267221283583,
      -0.1573738928463048,
      -0.43034343076865134,
      -0.3925693758289349,
      0.4414755375863785,
      -0.4294755962090603,
      0.02686880229998411,
      0.29739886502123863,
      0.003268194646108437,
      -0.0068528203854606685,
      0.059425183579718384
    ],
    [
      1.2118142479878191,
      -0.017392769472557426,
      0.0543692354379385,
      0.0752771446824077,
      0.1348796745209287,
      -0.39769677564839684,
      0.2614788129205181,
      -0.2870575359725808,
      -0.07354834132715973,
      0.22303065920131993,
      -0.06560435920709277,
      0.163815607387156
    ]
  ],
  "intercept": [
    -0.2142524221828654,
    -0.1002708583799231,
    0.31452328056278855
  ],
  "classes": [
    -1,
    0,
    1
  ],
  "feature_names": [
    "elo_diff",
    "spi_diff",
    "xg_diff",
    "xga_diff",
    "ppda_ratio",
    "field_tilt_diff",
    "coach_rating_diff",
    "squad_depth_diff",
    "gk_quality_diff",
    "set_piece_diff",
    "shots_in_box_diff",
    "goal_creating_actions_diff"
  ],
  "n_samples": 165,
  "training_accuracy": 0.6787878787878788
}