{
  "mean": [
    66.23936170212765,
    3.3867021276595763,
    0.18698556231003047,
    -0.08350000000000003,
    1.0842774694093542,
    2.3223439716312075,
    0.17109929078014174,
    0.552304964539007,
    0.009397163120567374,
    0.27890070921985816,
    0.6162535460992906,
    0.23715070921985804
  ],
  "std": [
    357.16969735123877,
    12.07687185511584,
    0.7682976081051128,
    0.5929570999156899,
    0.24589171925655892,
    8.416607936660782,
    1.1188271032952566,
    2.0897816533153097,
    0.0984016024177573,
    1.1676836386521205,
    2.196935858330829,
    0.8700175273937362
  ],
  "coef": [
    [
      -1.0977850015930704,
      -0.3694015090122754,
      -0.07858044681090116,
      0.27703664172955483,
      0.21027390132036403,
      -0.03901174331190465,
      0.25472314535850765,
      0.3139610205427995,
      -0.23864948050075319,
      -0.2086733809963879,
      0.10263712306719983,
      -0.218868392156894
    ],
    [
      -0.357799440178538,
      0.3838939897190377,
      0.07076295596007474,
      -0.34643723635629964,
      -0.37293287134496184,
      0.4628507550569339,
      -0.4877355284922295,
      -0.09472423977401595,
      0.29849162574601995,
      0.026349047588596724,
      -0.06097341795048935,
      0.05404266986594187
    ],
    [
      1.4555844417716088,
      -0.014492480706761951,
      0.007817490850826775,
      0.0694005946267447,
      0.16265897002459756,
      -0.4238390117450291,
      0.2330123831337211,
      -0.21923678076878345,
      -0.05984214524526649,
      0.18232433340779142,
      -0.0416637051167106,
      0.1648257222909522
    ]
  ],
  "intercept": [
    -0.2699075128343132,
    -0.09443607866029338,
    0.3643435914946075
  ],
  "classes": [
    -1,
    0,
    1
  ],
  "feature_names": [
    "elo_diff",
    "spi_diff",
    "xg_diff",
    "xga_diff",
    "ppda_ratio",
    "field_tilt_diff",
    "coach_rating_diff",
    "squad_depth_diff",
    "gk_quality_diff",
    "set_piece_diff",
    "shots_in_box_diff",
    "goal_creating_actions_diff"
  ],
  "n_samples": 188,
  "training_accuracy": 0.6968085106382979
}