{
  "mean": [
    69.63265306122449,
    3.3530612244897977,
    0.19455758017492714,
    -0.06886734693877553,
    1.085399327007826,
    2.3131615646258514,
    0.18197278911564613,
    0.5506802721088434,
    0.009386054421768706,
    0.2598639455782313,
    0.6189829931972788,
    0.2384812925170067
  ],
  "std": [
    370.01104196858176,
    11.94488366334915,
    0.7489473751035701,
    0.5628576801620914,
    0.24490505128033474,
    8.367755460057158,
    1.117844270602361,
    2.0674248641669895,
    0.09725356115327996,
    1.1594622960477474,
    2.177311596110865,
    0.8651535720117954
  ],
  "coef": [
    [
      -1.205565424206106,
      -0.3278105446227351,
      -0.06324658559744754,
      0.281542774685086,
      0.21856225168788507,
      -0.01242542975484007,
      0.24408523050521094,
      0.29815881172961217,
      -0.20767559072026204,
      -0.2491695521004792,
      0.10136023004048643,
      -0.22985151427104053
    ],
    [
      -0.28677597080444905,
      0.3705792234359027,
      0.1299525454003612,
      -0.3561523663697209,
      -0.34516630224442724,
      0.34878815589825507,
      -0.5385694947121545,
      -0.061502613069284326,
      0.33775210167130537,
      -0.023829664146879908,
      -0.031784838671535844,
      0.07249477157576696
    ],
    [
      1.4923413950105548,
      -0.042768678813167475,
      -0.06670595980291355,
      0.07460959168463548,
      0.12660405055654206,
      -0.33636272614341495,
      0.2944842642069431,
      -0.23665619866032786,
      -0.13007651095104358,
      0.27299921624735857,
      -0.06957539136895116,
      0.15735674269527372
    ]
  ],
  "intercept": [
    -0.2595203322393778,
    -0.10517974108569934,
    0.36470007332507753
  ],
  "classes": [
    -1,
    0,
    1
  ],
  "feature_names": [
    "elo_diff",
    "spi_diff",
    "xg_diff",
    "xga_diff",
    "ppda_ratio",
    "field_tilt_diff",
    "coach_rating_diff",
    "squad_depth_diff",
    "gk_quality_diff",
    "set_piece_diff",
    "shots_in_box_diff",
    "goal_creating_actions_diff"
  ],
  "n_samples": 196,
  "training_accuracy": 0.6989795918367347
}