{
  "mean": [
    69.69897959183673,
    3.3530612244897977,
    0.19455758017492714,
    -0.06886734693877553,
    1.085399327007826,
    2.3131615646258514,
    0.18197278911564613,
    0.5506802721088434,
    0.009386054421768706,
    0.2598639455782313,
    0.6189829931972788,
    0.2384812925170067
  ],
  "std": [
    374.60567866592027,
    11.94488366334915,
    0.7489473751035701,
    0.5628576801620914,
    0.24490505128033474,
    8.367755460057158,
    1.117844270602361,
    2.0674248641669895,
    0.09725356115327996,
    1.1594622960477474,
    2.177311596110865,
    0.8651535720117954
  ],
  "coef": [
    [
      -1.2259733996495905,
      -0.33021467523369646,
      -0.07975250897151179,
      0.2814154332993142,
      0.21886998020827145,
      -0.0024762913482587693,
      0.22815494930744165,
      0.29739680781682354,
      -0.20803935244999883,
      -0.22423124891637888,
      0.09603948637693015,
      -0.22011458557038213
    ],
    [
      -0.2729523426689384,
      0.36903439716521647,
      0.1301310971196229,
      -0.3537995566491661,
      -0.3455420722060679,
      0.34672876947980613,
      -0.5379434391594585,
      -0.059440156013294033,
      0.3364551715005948,
      -0.023248183753655838,
      -0.03245381105620744,
      0.07016828032280775
    ],
    [
      1.4989257423185292,
      -0.038819721931518815,
      -0.05037858814810946,
      0.0723841233498519,
      0.12667209199779703,
      -0.3442524781315463,
      0.3097884898520173,
      -0.2379566518035293,
      -0.12841581905059532,
      0.247479432670035,
      -0.06358567532072232,
      0.14994630524757502
    ]
  ],
  "intercept": [
    -0.2648956271337008,
    -0.10352152171561577,
    0.368417148849315
  ],
  "classes": [
    -1,
    0,
    1
  ],
  "feature_names": [
    "elo_diff",
    "spi_diff",
    "xg_diff",
    "xga_diff",
    "ppda_ratio",
    "field_tilt_diff",
    "coach_rating_diff",
    "squad_depth_diff",
    "gk_quality_diff",
    "set_piece_diff",
    "shots_in_box_diff",
    "goal_creating_actions_diff"
  ],
  "n_samples": 196,
  "training_accuracy": 0.6989795918367347
}