{
  "mean": [
    58.254901960784316,
    3.8359477124183026,
    0.21577310924369744,
    -0.07671895424836604,
    1.095131945956411,
    2.5879782135076264,
    0.2076252723311546,
    0.6283224400871459,
    0.01598474945533769,
    0.3374727668845316,
    0.7037755991285402,
    0.27003485838779945
  ],
  "std": [
    264.88134054227766,
    11.108041098367329,
    0.7578773502612802,
    0.5972652431595933,
    0.24308071162080144,
    8.250574811222227,
    1.0935391347570125,
    2.037854437378279,
    0.09698742770435631,
    1.1223634173871684,
    2.1509472577868514,
    0.85227064920516
  ],
  "coef": [
    [
      -0.6396188163013812,
      -0.2774647170918854,
      0.19475062466879617,
      0.3334836035461078,
      0.23925973921358418,
      -0.0809163886397077,
      0.17089580388380585,
      0.26086576341577866,
      -0.20759111100467634,
      -0.35089798875470235,
      0.0660732111231069,
      -0.2209746506838017
    ],
    [
      -0.5556910624810276,
      0.35670109768201624,
      -0.1636512701310416,
      -0.45132412527913385,
      -0.47200540828704235,
      0.4456973023624369,
      -0.30342910275522833,
      -0.038390121637080846,
      0.18533733922399442,
      0.14462731281807897,
      0.059870988940631184,
      0.12353274801201368
    ],
    [
      1.1953098787824086,
      -0.07923638059013154,
      -0.031099354537754784,
      0.11784052173302646,
      0.23274566907345778,
      -0.3647809137227299,
      0.13253329887142254,
      -0.22247564177869805,
      0.022253771780681303,
      0.2062706759366228,
      -0.12594420006373858,
      0.09744190267178779
    ]
  ],
  "intercept": [
    -0.21024123565971914,
    -0.18091307235464943,
    0.391154308014369
  ],
  "classes": [
    -1,
    0,
    1
  ],
  "feature_names": [
    "elo_diff",
    "spi_diff",
    "xg_diff",
    "xga_diff",
    "ppda_ratio",
    "field_tilt_diff",
    "coach_rating_diff",
    "squad_depth_diff",
    "gk_quality_diff",
    "set_piece_diff",
    "shots_in_box_diff",
    "goal_creating_actions_diff"
  ],
  "n_samples": 153,
  "training_accuracy": 0.6928104575163399
}