{
  "mean": [
    69.64285714285714,
    3.3530612244897977,
    0.19455758017492714,
    -0.06886734693877553,
    1.085399327007826,
    2.3131615646258514,
    0.18197278911564613,
    0.5506802721088434,
    0.009386054421768706,
    0.2598639455782313,
    0.6189829931972788,
    0.2384812925170067
  ],
  "std": [
    373.1224357242757,
    11.94488366334915,
    0.7489473751035701,
    0.5628576801620914,
    0.24490505128033474,
    8.367755460057158,
    1.117844270602361,
    2.0674248641669895,
    0.09725356115327996,
    1.1594622960477474,
    2.177311596110865,
    0.8651535720117954
  ],
  "coef": [
    [
      -1.2219470744844945,
      -0.3298887056462232,
      -0.07629119839798076,
      0.2813528702419635,
      0.21900931792221454,
      -0.0043527636164911315,
      0.231899692951157,
      0.298210427968718,
      -0.20818001689219487,
      -0.23001089989988374,
      0.09801815661865108,
      -0.2231071451589138
    ],
    [
      -0.2759874491470672,
      0.36978168304964526,
      0.1291510617725447,
      -0.3543450280625627,
      -0.3451252373904519,
      0.3470980965165144,
      -0.5380710331891919,
      -0.0600862142159175,
      0.3371877031969822,
      -0.023414274855683478,
      -0.03217716114364938,
      0.07064116900878697
    ],
    [
      1.4979345236315615,
      -0.039892977403421924,
      -0.05285986337456432,
      0.07299215782059873,
      0.12611591946823775,
      -0.3427453329000234,
      0.3061713402380343,
      -0.23812421375279952,
      -0.1290076863047874,
      0.2534251747555677,
      -0.06584099547500202,
      0.15246597615012714
    ]
  ],
  "intercept": [
    -0.264103572927659,
    -0.10346359593086354,
    0.36756716885852253
  ],
  "classes": [
    -1,
    0,
    1
  ],
  "feature_names": [
    "elo_diff",
    "spi_diff",
    "xg_diff",
    "xga_diff",
    "ppda_ratio",
    "field_tilt_diff",
    "coach_rating_diff",
    "squad_depth_diff",
    "gk_quality_diff",
    "set_piece_diff",
    "shots_in_box_diff",
    "goal_creating_actions_diff"
  ],
  "n_samples": 196,
  "training_accuracy": 0.6989795918367347
}