{
  "mean": [
    69.60204081632654,
    3.3530612244897977,
    0.19455758017492714,
    -0.06886734693877553,
    1.085399327007826,
    2.3131615646258514,
    0.18197278911564613,
    0.5506802721088434,
    0.009386054421768706,
    0.2598639455782313,
    0.6189829931972788,
    0.2384812925170067
  ],
  "std": [
    371.62091832216686,
    11.94488366334915,
    0.7489473751035701,
    0.5628576801620914,
    0.24490505128033474,
    8.367755460057158,
    1.117844270602361,
    2.0674248641669895,
    0.09725356115327996,
    1.1594622960477474,
    2.177311596110865,
    0.8651535720117954
  ],
  "coef": [
    [
      -1.2136858954637957,
      -0.3294018937350814,
      -0.07026487322892153,
      0.2811320327718375,
      0.21842066433637328,
      -0.007828206633815659,
      0.2373567902237837,
      0.2974834276877237,
      -0.20757808659163213,
      -0.23816270120969787,
      0.09897544756045254,
      -0.22494187766707538
    ],
    [
      -0.2809351434883739,
      0.3700276703309664,
      0.13017392855540222,
      -0.3548570071285009,
      -0.34555427354316637,
      0.348315605612662,
      -0.5386410934006091,
      -0.06066746977050968,
      0.3372938396165508,
      -0.02349266541966575,
      -0.03218197358734844,
      0.07164832325804738
    ],
    [
      1.4946210389521704,
      -0.040625776595884906,
      -0.059909055326480755,
      0.07372497435666298,
      0.1271336092067927,
      -0.3404873989788462,
      0.3012843031768252,
      -0.23681595791721455,
      -0.12971575302491875,
      0.2616553666293634,
      -0.0667934739731033,
      0.15329355440902864
    ]
  ],
  "intercept": [
    -0.26116587058396834,
    -0.10494207738412037,
    0.3661079479680895
  ],
  "classes": [
    -1,
    0,
    1
  ],
  "feature_names": [
    "elo_diff",
    "spi_diff",
    "xg_diff",
    "xga_diff",
    "ppda_ratio",
    "field_tilt_diff",
    "coach_rating_diff",
    "squad_depth_diff",
    "gk_quality_diff",
    "set_piece_diff",
    "shots_in_box_diff",
    "goal_creating_actions_diff"
  ],
  "n_samples": 196,
  "training_accuracy": 0.6989795918367347
}