{
  "mean": [
    72.48175182481752,
    4.378102189781023,
    0.2642575599582898,
    -0.09889051094890511,
    1.1052355461188783,
    3.0519245742092465,
    0.2559610705596107,
    0.7199513381995132,
    0.015063260340632604,
    0.3637469586374696,
    0.8078588807785887,
    0.3167907542579075
  ],
  "std": [
    203.95623912306058,
    10.386232572749883,
    0.7405087681879733,
    0.5591452115275526,
    0.24361805548974777,
    8.157099473361683,
    1.0813330536222179,
    1.9967266800384085,
    0.09704426238096321,
    1.0872592122058273,
    2.1141280466816146,
    0.8399519518634697
  ],
  "coef": [
    [
      -0.6522111290632943,
      -0.29858454561377595,
      0.17786736375435078,
      0.2427998915959576,
      0.15595732516972172,
      0.010997329442058645,
      0.07213479916783158,
      0.2962497679057226,
      -0.10811449356352452,
      -0.3048696433048651,
      0.10625443024685871,
      -0.2425404664594832
    ],
    [
      -0.7609845719939298,
      0.3847465017612788,
      -0.14912375890219653,
      -0.4760886005683858,
      -0.4439013713454363,
      0.3984706520349665,
      -0.3596491757677064,
      -0.05269533376951414,
      0.16889491578419508,
      0.1701651664711264,
      0.0803641384345913,
      0.23509011981327702
    ],
    [
      1.4131957010572243,
      -0.08616195614750254,
      -0.028743604852154058,
      0.23328870897242762,
      0.2879440461757153,
      -0.4094679814770257,
      0.2875143765998752,
      -0.2435544341362085,
      -0.06078042222067091,
      0.13470447683373885,
      -0.18661856868145,
      0.007450346646206011
    ]
  ],
  "intercept": [
    -0.16463108824673525,
    -0.20279741336067275,
    0.3674285016074077
  ],
  "classes": [
    -1,
    0,
    1
  ],
  "feature_names": [
    "elo_diff",
    "spi_diff",
    "xg_diff",
    "xga_diff",
    "ppda_ratio",
    "field_tilt_diff",
    "coach_rating_diff",
    "squad_depth_diff",
    "gk_quality_diff",
    "set_piece_diff",
    "shots_in_box_diff",
    "goal_creating_actions_diff"
  ],
  "n_samples": 137,
  "training_accuracy": 0.6934306569343066
}