{
  "mean": [
    66.54973821989529,
    3.4172774869109968,
    0.19043605086013463,
    -0.086848167539267,
    1.0865788719011777,
    2.3827469458987798,
    0.17574171029668403,
    0.5614310645724258,
    0.00944851657940663,
    0.26928446771378706,
    0.6351657940663175,
    0.24576614310645714
  ],
  "std": [
    349.7902383956631,
    12.020626466650965,
    0.7579838245682629,
    0.5898071945009858,
    0.24631554828563315,
    8.417820213070033,
    1.1136425747800043,
    2.0796127866498155,
    0.09811577730165233,
    1.1613511969318582,
    2.1937399520376606,
    0.8702545648006937
  ],
  "coef": [
    [
      -1.1404167205061801,
      -0.35710494970422674,
      -0.08011492035746362,
      0.2709481100884686,
      0.2169662900665169,
      0.005860618231892435,
      0.2328595119303456,
      0.30547251806352743,
      -0.24394195974180063,
      -0.1786249027726602,
      0.07910309910581984,
      -0.22225321903929157
    ],
    [
      -0.3430115328258867,
      0.35982189758411864,
      0.12050768840211394,
      -0.33704457020245304,
      -0.3984653693862734,
      0.3967614067101447,
      -0.49524699476132633,
      -0.07546722601043648,
      0.31251213652107873,
      0.018783810282958637,
      -0.03786416332027274,
      0.06517689980080485
    ],
    [
      1.483428253332067,
      -0.0027169478798920897,
      -0.04039276804465028,
      0.06609646011398422,
      0.1814990793197562,
      -0.4026220249420375,
      0.26238748283098035,
      -0.2300052920530909,
      -0.06857017677927793,
      0.15984109248970185,
      -0.04123893578554687,
      0.15707631923848603
    ]
  ],
  "intercept": [
    -0.29715871765598734,
    -0.0777517463301189,
    0.3749104639861049
  ],
  "classes": [
    -1,
    0,
    1
  ],
  "feature_names": [
    "elo_diff",
    "spi_diff",
    "xg_diff",
    "xga_diff",
    "ppda_ratio",
    "field_tilt_diff",
    "coach_rating_diff",
    "squad_depth_diff",
    "gk_quality_diff",
    "set_piece_diff",
    "shots_in_box_diff",
    "goal_creating_actions_diff"
  ],
  "n_samples": 191,
  "training_accuracy": 0.680628272251309
}