{
  "mean": [
    46.53012048192771,
    2.8626506024096408,
    0.1665258175559381,
    -0.057457831325301204,
    1.076756229315037,
    1.9666425702811259,
    0.13654618473895574,
    0.4736947791164656,
    0.01086546184738956,
    0.2550200803212851,
    0.5306004016064255,
    0.20419477911646577
  ],
  "std": [
    297.50514169291324,
    11.80139067610125,
    0.7686036646553617,
    0.6166683571253144,
    0.24651092702921515,
    8.455252803195902,
    1.1144510112313482,
    2.08813442047635,
    0.09732963338758824,
    1.1719437021871446,
    2.204160663202665,
    0.8742141034901857
  ],
  "coef": [
    [
      -0.899731401097552,
      -0.33359258140027825,
      0.06906153118519509,
      0.3408958273856225,
      0.2581912358150433,
      -0.04481337459673336,
      0.1639901678120047,
      0.2749260413445152,
      -0.22518981844297065,
      -0.2271379675556238,
      0.08235206297857706,
      -0.2046753232056103
    ],
    [
      -0.3295428648998194,
      0.3451262514769488,
      -0.1423108577288837,
      -0.43260320188724455,
      -0.3922558209145617,
      0.44079144194036907,
      -0.42992586799539506,
      0.01259273598767862,
      0.30083912472220603,
      0.004117681523230741,
      -0.010827718911045935,
      0.04825483460785798
    ],
    [
      1.2292742659973712,
      -0.01153367007667012,
      0.0732493265436884,
      0.09170737450162231,
      0.1340645850995189,
      -0.39597806734363544,
      0.2659357001833905,
      -0.28751877733219394,
      -0.0756493062792355,
      0.22302028603239285,
      -0.07152434406753136,
      0.15642048859775232
    ]
  ],
  "intercept": [
    -0.20324370275475878,
    -0.10478557181968942,
    0.3080292745744476
  ],
  "classes": [
    -1,
    0,
    1
  ],
  "feature_names": [
    "elo_diff",
    "spi_diff",
    "xg_diff",
    "xga_diff",
    "ppda_ratio",
    "field_tilt_diff",
    "coach_rating_diff",
    "squad_depth_diff",
    "gk_quality_diff",
    "set_piece_diff",
    "shots_in_box_diff",
    "goal_creating_actions_diff"
  ],
  "n_samples": 166,
  "training_accuracy": 0.6867469879518072
}