{
  "mean": [
    46.61212121212121,
    2.980000000000002,
    0.17432294372294377,
    -0.059563636363636374,
    1.0782692734304373,
    2.0232040404040417,
    0.1452525252525252,
    0.4874747474747472,
    0.011494949494949497,
    0.26505050505050504,
    0.545440404040404,
    0.2095050505050504
  ],
  "std": [
    292.45233930021334,
    11.740141963934397,
    0.7641536598134568,
    0.6174826636350264,
    0.2464871226668384,
    8.449468231078042,
    1.1121805046625912,
    2.0869140186927155,
    0.09728664720985172,
    1.1683641680140107,
    2.2025465163955174,
    0.8741859571538142
  ],
  "coef": [
    [
      -0.8732088955027413,
      -0.3055350427059838,
      0.10138377719772489,
      0.35584991746361855,
      0.25862148365273213,
      -0.04529082161848138,
      0.17198226800004662,
      0.2609804477086704,
      -0.2270994401424066,
      -0.22628612625925235,
      0.07226626679619255,
      -0.2241651775659511
    ],
    [
      -0.3243286770002343,
      0.31785447076087364,
      -0.15830405275282894,
      -0.4288349352912298,
      -0.39177485194577577,
      0.44136271449715025,
      -0.42962138599353045,
      0.028532667746774317,
      0.2968961942537677,
      0.00405519381978873,
      -0.006141990390193861,
      0.05911915944477778
    ],
    [
      1.1975375725029753,
      -0.012319428054890554,
      0.056920275555104254,
      0.07298501782761112,
      0.1331533682930437,
      -0.3960718928786687,
      0.25763911799348393,
      -0.2895131154554447,
      -0.06979675411136152,
      0.22223093243946346,
      -0.06612427640599834,
      0.16504601812117317
    ]
  ],
  "intercept": [
    -0.2138997994753347,
    -0.10100806624687135,
    0.3149078657222055
  ],
  "classes": [
    -1,
    0,
    1
  ],
  "feature_names": [
    "elo_diff",
    "spi_diff",
    "xg_diff",
    "xga_diff",
    "ppda_ratio",
    "field_tilt_diff",
    "coach_rating_diff",
    "squad_depth_diff",
    "gk_quality_diff",
    "set_piece_diff",
    "shots_in_box_diff",
    "goal_creating_actions_diff"
  ],
  "n_samples": 165,
  "training_accuracy": 0.6787878787878788
}