{
  "mean": [
    66.1063829787234,
    3.3867021276595763,
    0.18698556231003047,
    -0.08350000000000003,
    1.0842774694093542,
    2.3223439716312075,
    0.17109929078014174,
    0.552304964539007,
    0.009397163120567374,
    0.27890070921985816,
    0.6162535460992906,
    0.23715070921985804
  ],
  "std": [
    359.0969456041591,
    12.07687185511584,
    0.7682976081051128,
    0.5929570999156899,
    0.24589171925655892,
    8.416607936660782,
    1.1188271032952566,
    2.0897816533153097,
    0.0984016024177573,
    1.1676836386521205,
    2.196935858330829,
    0.8700175273937362
  ],
  "coef": [
    [
      -1.1068796146148645,
      -0.36558125001633174,
      -0.07621277210895236,
      0.27826378855710143,
      0.21325045334790618,
      -0.03865261696561352,
      0.24615827026399675,
      0.31296540560549146,
      -0.2329116867998182,
      -0.20747241533430716,
      0.1006565612203317,
      -0.21814758387137387
    ],
    [
      -0.35094441908401697,
      0.3836105615871019,
      0.06782730317534141,
      -0.3449056685460774,
      -0.3706879918969324,
      0.46226595067740067,
      -0.4879144334646857,
      -0.09418206551014409,
      0.2994960750936323,
      0.02484898194625867,
      -0.06150663773715546,
      0.053711528708209555
    ],
    [
      1.4578240336988817,
      -0.01802931157076971,
      0.008385468933610772,
      0.06664187998897618,
      0.15743753854902634,
      -0.4236133337117867,
      0.24175616320068932,
      -0.21878334009534758,
      -0.0665843882938141,
      0.18262343338804812,
      -0.03914992348317684,
      0.16443605516316437
    ]
  ],
  "intercept": [
    -0.2709925963198355,
    -0.09356064079846281,
    0.36455323711829934
  ],
  "classes": [
    -1,
    0,
    1
  ],
  "feature_names": [
    "elo_diff",
    "spi_diff",
    "xg_diff",
    "xga_diff",
    "ppda_ratio",
    "field_tilt_diff",
    "coach_rating_diff",
    "squad_depth_diff",
    "gk_quality_diff",
    "set_piece_diff",
    "shots_in_box_diff",
    "goal_creating_actions_diff"
  ],
  "n_samples": 188,
  "training_accuracy": 0.6968085106382979
}