{
  "mean": [
    63.962566844919785,
    3.264705882352943,
    0.1800710466004584,
    -0.08287700534759364,
    1.0824502066267512,
    2.267222816399289,
    0.16024955436720134,
    0.5365418894830658,
    0.008693404634581103,
    0.2691622103386809,
    0.6031426024955435,
    0.23200713012477708
  ],
  "std": [
    352.1232521362593,
    11.993029851561559,
    0.7628536400714899,
    0.6010609255385129,
    0.2452720052564446,
    8.405171065351121,
    1.1119070606215216,
    2.0841852338517852,
    0.09819136189743166,
    1.1631624272962335,
    2.1954545918757593,
    0.8694851639535754
  ],
  "coef": [
    [
      -1.073565844311694,
      -0.37658140884033336,
      -0.08271677026528786,
      0.24909173381716088,
      0.2068098802362298,
      -0.04192241091295578,
      0.27873900478698577,
      0.31217034533931587,
      -0.262740998431262,
      -0.2098312778638818,
      0.10465862379576313,
      -0.22934985507558525
    ],
    [
      -0.3697747092384194,
      0.38858228130339567,
      0.07006254637058619,
      -0.33304018838382077,
      -0.38005398386775313,
      0.46643779174270134,
      -0.4783751621947932,
      -0.0934656595288938,
      0.30043237980602894,
      0.028810889558359927,
      -0.057053424304996256,
      0.05352605865787548
    ],
    [
      1.443340553550113,
      -0.012000872463063039,
      0.012654223894702304,
      0.08394845456665981,
      0.17324410363152346,
      -0.4245153808297461,
      0.1996361574078067,
      -0.21870468581042185,
      -0.03769138137476722,
      0.18102038830552197,
      -0.04760519949076679,
      0.17582379641770937
    ]
  ],
  "intercept": [
    -0.25444128230503166,
    -0.09570643363397463,
    0.3501477159390067
  ],
  "classes": [
    -1,
    0,
    1
  ],
  "feature_names": [
    "elo_diff",
    "spi_diff",
    "xg_diff",
    "xga_diff",
    "ppda_ratio",
    "field_tilt_diff",
    "coach_rating_diff",
    "squad_depth_diff",
    "gk_quality_diff",
    "set_piece_diff",
    "shots_in_box_diff",
    "goal_creating_actions_diff"
  ],
  "n_samples": 187,
  "training_accuracy": 0.6844919786096256
}