{
  "mean": [
    69.94871794871794,
    3.354358974358976,
    0.18776043956043956,
    -0.07763076923076925,
    1.0849483833856437,
    2.3178444444444457,
    0.17418803418803408,
    0.5509401709401708,
    0.009075213675213674,
    0.2663247863247863,
    0.6170290598290596,
    0.23816581196581188
  ],
  "std": [
    368.08646898820183,
    11.97545862188462,
    0.7326459900914531,
    0.5769224958629552,
    0.24545103276032423,
    8.388927629837529,
    1.1153949175933173,
    2.072715980960977,
    0.09740544709373206,
    1.1589069894445192,
    2.1827158990628215,
    0.867357832467909
  ],
  "coef": [
    [
      -1.195909106649957,
      -0.3612579153032468,
      -0.05369220815195025,
      0.271198598868415,
      0.2034460587207817,
      -0.011595906237681976,
      0.19542660852227028,
      0.33756165348014805,
      -0.22599433793435397,
      -0.18037210056247327,
      0.08686082778371765,
      -0.22680462016847838
    ],
    [
      -0.29136052376362503,
      0.3923079945759988,
      0.1225602225996943,
      -0.3360130931828563,
      -0.3435623945287798,
      0.3590653330814248,
      -0.5045118181293673,
      -0.09218181936136155,
      0.3419571220899278,
      -0.05076323013643499,
      -0.028867633613867946,
      0.06974432404617348
    ],
    [
      1.487269630413581,
      -0.031050079272751826,
      -0.06886801444774428,
      0.0648144943144409,
      0.14011633580799798,
      -0.3474694268437424,
      0.309085209607097,
      -0.24537983411878675,
      -0.1159627841555738,
      0.23113533069890801,
      -0.057993194169850076,
      0.1570602961223045
    ]
  ],
  "intercept": [
    -0.2728761252512502,
    -0.09461205161876343,
    0.36748817687001484
  ],
  "classes": [
    -1,
    0,
    1
  ],
  "feature_names": [
    "elo_diff",
    "spi_diff",
    "xg_diff",
    "xga_diff",
    "ppda_ratio",
    "field_tilt_diff",
    "coach_rating_diff",
    "squad_depth_diff",
    "gk_quality_diff",
    "set_piece_diff",
    "shots_in_box_diff",
    "goal_creating_actions_diff"
  ],
  "n_samples": 195,
  "training_accuracy": 0.6871794871794872
}