{
  "mean": [
    65.19672131147541,
    3.398360655737707,
    0.1901272443403591,
    -0.08742076502732238,
    1.0859281350068073,
    2.341200364298727,
    0.15719489981785056,
    0.5499089253187612,
    0.010692167577413479,
    0.2832422586520947,
    0.6203424408014571,
    0.2404061930783241
  ],
  "std": [
    344.8107496932256,
    12.016338946789705,
    0.7694173287237587,
    0.6161849511267239,
    0.24595657171485957,
    8.422072681934857,
    1.11790018063596,
    2.0864115672350962,
    0.09822410014244366,
    1.1638392713896968,
    2.2012442996693,
    0.86915471685524
  ],
  "coef": [
    [
      -1.0558800620993452,
      -0.3585418642234056,
      -0.002926957819423414,
      0.326528335885362,
      0.27806110837667974,
      -0.01994738099842354,
      0.18335219677734024,
      0.27168574353707525,
      -0.18534955577175885,
      -0.20851759893158553,
      0.04759935935540574,
      -0.20609248632288585
    ],
    [
      -0.395139316033711,
      0.38877890941516385,
      -0.014904306587525507,
      -0.37119933046801085,
      -0.44002742796058075,
      0.45824865386588093,
      -0.3976896305591152,
      -0.05691565771844487,
      0.2410486788819695,
      0.026816058007550714,
      -0.008546498388656785,
      0.05630979193745874
    ],
    [
      1.4510193781330556,
      -0.030237045191758426,
      0.017831264406948804,
      0.04467099458264909,
      0.16196631958390106,
      -0.4383012728674567,
      0.21433743378177447,
      -0.21477008581863105,
      -0.0556991231102112,
      0.18170154092403457,
      -0.03905286096674927,
      0.14978269438542743
    ]
  ],
  "intercept": [
    -0.31456449923627106,
    -0.07181874077332344,
    0.38638324000959356
  ],
  "classes": [
    -1,
    0,
    1
  ],
  "feature_names": [
    "elo_diff",
    "spi_diff",
    "xg_diff",
    "xga_diff",
    "ppda_ratio",
    "field_tilt_diff",
    "coach_rating_diff",
    "squad_depth_diff",
    "gk_quality_diff",
    "set_piece_diff",
    "shots_in_box_diff",
    "goal_creating_actions_diff"
  ],
  "n_samples": 183,
  "training_accuracy": 0.6721311475409836
}