{
  "mean": [
    66.24607329842932,
    3.4172774869109968,
    0.19043605086013463,
    -0.086848167539267,
    1.0865788719011777,
    2.3827469458987798,
    0.17574171029668403,
    0.5614310645724258,
    0.00944851657940663,
    0.26928446771378706,
    0.6351657940663175,
    0.24576614310645714
  ],
  "std": [
    347.3476421024185,
    12.020626466650965,
    0.7579838245682629,
    0.5898071945009858,
    0.24631554828563315,
    8.417820213070033,
    1.1136425747800043,
    2.0796127866498155,
    0.09811577730165233,
    1.1613511969318582,
    2.1937399520376606,
    0.8702545648006937
  ],
  "coef": [
    [
      -1.1301699325830463,
      -0.36015230953087335,
      -0.08143989362375666,
      0.2699157189322947,
      0.21249837783441336,
      0.006771297063310644,
      0.2373049936972758,
      0.30678207131672464,
      -0.24772428418954137,
      -0.17629645790214127,
      0.07923400799704845,
      -0.2240340288816998
    ],
    [
      -0.34802087027685785,
      0.35913131864095926,
      0.12233897690388243,
      -0.3377928481811089,
      -0.4009171399166219,
      0.3997016230511016,
      -0.4939295457893097,
      -0.07674280308188582,
      0.3111760370346904,
      0.02289708798625912,
      -0.03948099466473869,
      0.06442933475590523
    ],
    [
      1.478190802859903,
      0.0010209908899137482,
      -0.040899083280126494,
      0.06787712924881438,
      0.18841876208220804,
      -0.4064729201144131,
      0.2566245520920339,
      -0.23003926823483895,
      -0.06345175284514898,
      0.15339936991588163,
      -0.039753013332310363,
      0.1596046941257945
    ]
  ],
  "intercept": [
    -0.29549159765472643,
    -0.07878989565958915,
    0.3742814933143159
  ],
  "classes": [
    -1,
    0,
    1
  ],
  "feature_names": [
    "elo_diff",
    "spi_diff",
    "xg_diff",
    "xga_diff",
    "ppda_ratio",
    "field_tilt_diff",
    "coach_rating_diff",
    "squad_depth_diff",
    "gk_quality_diff",
    "set_piece_diff",
    "shots_in_box_diff",
    "goal_creating_actions_diff"
  ],
  "n_samples": 191,
  "training_accuracy": 0.680628272251309
}