{
  "mean": [
    66.80628272251309,
    3.4172774869109968,
    0.19043605086013463,
    -0.086848167539267,
    1.0865788719011777,
    2.3827469458987798,
    0.17574171029668403,
    0.5614310645724258,
    0.00944851657940663,
    0.26928446771378706,
    0.6351657940663175,
    0.24576614310645714
  ],
  "std": [
    352.1434726085968,
    12.020626466650965,
    0.7579838245682629,
    0.5898071945009858,
    0.24631554828563315,
    8.417820213070033,
    1.1136425747800043,
    2.0796127866498155,
    0.09811577730165233,
    1.1613511969318582,
    2.1937399520376606,
    0.8702545648006937
  ],
  "coef": [
    [
      -1.1490456379033793,
      -0.3542890814739241,
      -0.07891183107346296,
      0.2719420391585718,
      0.22090787038275586,
      0.004684538945005718,
      0.22880569965385994,
      0.30450974774215633,
      -0.24104821654572622,
      -0.18037153712077175,
      0.07882259380730101,
      -0.22069368678703746
    ],
    [
      -0.3386895684189647,
      0.36049690618912134,
      0.11869538254910074,
      -0.3362684740931266,
      -0.39620743918604,
      0.3941844989423863,
      -0.4960986633379297,
      -0.07438583409463338,
      0.3134536024489988,
      0.01530499246204124,
      -0.03666247502619161,
      0.06592791037559437
    ],
    [
      1.4877352063223448,
      -0.006207824715197588,
      -0.039783551475638015,
      0.0643264349345549,
      0.1752995688032848,
      -0.3988690378873921,
      0.26729296368406974,
      -0.2301239136475229,
      -0.07240538590327238,
      0.16506654465873052,
      -0.04216011878110916,
      0.15476577641144296
    ]
  ],
  "intercept": [
    -0.2985673858986728,
    -0.0768851711389583,
    0.37545255703763086
  ],
  "classes": [
    -1,
    0,
    1
  ],
  "feature_names": [
    "elo_diff",
    "spi_diff",
    "xg_diff",
    "xga_diff",
    "ppda_ratio",
    "field_tilt_diff",
    "coach_rating_diff",
    "squad_depth_diff",
    "gk_quality_diff",
    "set_piece_diff",
    "shots_in_box_diff",
    "goal_creating_actions_diff"
  ],
  "n_samples": 191,
  "training_accuracy": 0.680628272251309
}