{
  "mean": [
    63.62433862433863,
    3.344973544973547,
    0.18477928949357522,
    -0.0832698412698413,
    1.0833369427522952,
    2.2861728395061744,
    0.1686067019400352,
    0.5467372134038799,
    0.009225749559082891,
    0.2747795414462081,
    0.6107813051146382,
    0.23483245149911805
  ],
  "std": [
    338.50116509801074,
    12.05846158922319,
    0.7632381077493441,
    0.5956681777460835,
    0.2455791764955198,
    8.408950472916244,
    1.1163865762297078,
    2.085643430555802,
    0.09816907427562135,
    1.16596049233299,
    2.1924004479272092,
    0.8682948500643385
  ],
  "coef": [
    [
      -1.040333928570351,
      -0.36657166961143844,
      -0.11686635751921423,
      0.27830053871762855,
      0.21192217411093173,
      0.0013461930545009347,
      0.2826678788339798,
      0.3102796521732972,
      -0.2568271755007382,
      -0.20544183705234614,
      0.08874928045759507,
      -0.23136730322836485
    ],
    [
      -0.3922047168465676,
      0.3510811384485435,
      0.14452833697865,
      -0.35616103418373657,
      -0.41350981987666335,
      0.4142323190069897,
      -0.4821665511851879,
      -0.08359733543259608,
      0.2940119412860776,
      -0.003996445469360032,
      -0.026936799791094188,
      0.08234573649973215
    ],
    [
      1.432538645416918,
      0.015490531162894781,
      -0.027661979459435167,
      0.07786049546610853,
      0.20158764576573218,
      -0.41557851206148944,
      0.19949867235120897,
      -0.22668231674070133,
      -0.03718476578533919,
      0.20943828252170635,
      -0.061812480666501114,
      0.1490215667286331
    ]
  ],
  "intercept": [
    -0.2714428059427324,
    -0.08013980032955079,
    0.35158260627228427
  ],
  "classes": [
    -1,
    0,
    1
  ],
  "feature_names": [
    "elo_diff",
    "spi_diff",
    "xg_diff",
    "xga_diff",
    "ppda_ratio",
    "field_tilt_diff",
    "coach_rating_diff",
    "squad_depth_diff",
    "gk_quality_diff",
    "set_piece_diff",
    "shots_in_box_diff",
    "goal_creating_actions_diff"
  ],
  "n_samples": 189,
  "training_accuracy": 0.6825396825396826
}