{
  "mean": [
    65.15789473684211,
    3.3989473684210547,
    0.19285939849624054,
    -0.08583157894736848,
    1.0850035904220199,
    2.3394035087719316,
    0.16982456140350868,
    0.5543859649122806,
    0.008861403508771928,
    0.2733333333333333,
    0.6228298245614033,
    0.24043859649122795
  ],
  "std": [
    343.1217619013762,
    12.049555525647035,
    0.7618285592576621,
    0.5934854612262889,
    0.24600142982588485,
    8.418659043308086,
    1.1135707141008921,
    2.082803736934098,
    0.09803843426015235,
    1.1630580783293891,
    2.192888108104481,
    0.8694296507335361
  ],
  "coef": [
    [
      -1.0936996223108562,
      -0.3563513295988119,
      -0.11365441594568076,
      0.2760621826857442,
      0.21844721384898386,
      0.009262278372131819,
      0.2533493252172742,
      0.3032177888424341,
      -0.2448815391163544,
      -0.19092570287214028,
      0.08733203465055947,
      -0.22219140702573847
    ],
    [
      -0.3647235966816468,
      0.34515300322665415,
      0.12194277554049537,
      -0.3510903893225086,
      -0.4130998138194004,
      0.40679533093649445,
      -0.480278742880212,
      -0.07528758106987792,
      0.31349583255102953,
      0.009295820264821302,
      -0.02861106595474277,
      0.06688755421307246
    ],
    [
      1.4584232189925028,
      0.01119832637215743,
      -0.008288359594814346,
      0.0750282066367643,
      0.19465259997041612,
      -0.41605760930862634,
      0.22692941766293756,
      -0.2279302077725567,
      -0.06861429343467519,
      0.18162988260731908,
      -0.058720968695817014,
      0.15530385281266626
    ]
  ],
  "intercept": [
    -0.2835374490403297,
    -0.07836710740891267,
    0.3619045564492411
  ],
  "classes": [
    -1,
    0,
    1
  ],
  "feature_names": [
    "elo_diff",
    "spi_diff",
    "xg_diff",
    "xga_diff",
    "ppda_ratio",
    "field_tilt_diff",
    "coach_rating_diff",
    "squad_depth_diff",
    "gk_quality_diff",
    "set_piece_diff",
    "shots_in_box_diff",
    "goal_creating_actions_diff"
  ],
  "n_samples": 190,
  "training_accuracy": 0.6842105263157895
}