{
  "mean": [
    46.47878787878788,
    2.980000000000002,
    0.17432294372294377,
    -0.059563636363636374,
    1.0782692734304373,
    2.0232040404040417,
    0.1452525252525252,
    0.4874747474747472,
    0.011494949494949497,
    0.26505050505050504,
    0.545440404040404,
    0.2095050505050504
  ],
  "std": [
    290.6186001655213,
    11.740141963934397,
    0.7641536598134568,
    0.6174826636350264,
    0.2464871226668384,
    8.449468231078042,
    1.1121805046625912,
    2.0869140186927155,
    0.09728664720985172,
    1.1683641680140107,
    2.2025465163955174,
    0.8741859571538142
  ],
  "coef": [
    [
      -0.8582554223888795,
      -0.30844945831777215,
      0.0997857910869073,
      0.35699129217315057,
      0.25981825179302126,
      -0.04754554338627909,
      0.17690408375252215,
      0.26192572538208964,
      -0.23113567086829567,
      -0.22634814143042098,
      0.07202070165290524,
      -0.2259514873777187
    ],
    [
      -0.3205571405328092,
      0.3148698788481298,
      -0.15978323709574,
      -0.4267726623004888,
      -0.3909332572070618,
      0.44118389169274874,
      -0.4294566218976592,
      0.03020820126127701,
      0.29630827583390623,
      0.0046778305316129976,
      -0.005189154830111633,
      0.058797288031550654
    ],
    [
      1.178812562921689,
      -0.006420420530357704,
      0.05999744600883281,
      0.06978137012733868,
      0.13111500541404117,
      -0.39363834830646943,
      0.2525525381451365,
      -0.29213392664336674,
      -0.06517260496561059,
      0.22167031089880818,
      -0.06683154682279366,
      0.16715419934616813
    ]
  ],
  "intercept": [
    -0.21359725794306111,
    -0.10199906745631267,
    0.3155963253993729
  ],
  "classes": [
    -1,
    0,
    1
  ],
  "feature_names": [
    "elo_diff",
    "spi_diff",
    "xg_diff",
    "xga_diff",
    "ppda_ratio",
    "field_tilt_diff",
    "coach_rating_diff",
    "squad_depth_diff",
    "gk_quality_diff",
    "set_piece_diff",
    "shots_in_box_diff",
    "goal_creating_actions_diff"
  ],
  "n_samples": 165,
  "training_accuracy": 0.6727272727272727
}