{
  "mean": [
    73.55102040816327,
    4.401360544217688,
    0.24934207968901836,
    -0.11087074829931971,
    1.1046694700194892,
    2.9310521541950125,
    0.2501133786848072,
    0.7158730158730159,
    0.017535147392290253,
    0.38117913832199546,
    0.7952358276643989,
    0.30762131519274366
  ],
  "std": [
    245.53515573750408,
    10.860481857455973,
    0.7477441755651323,
    0.5806093359403315,
    0.24233019136483386,
    8.167110824304928,
    1.0874090375570933,
    2.017247375521624,
    0.09843135172291499,
    1.1184906957777339,
    2.1230153395202005,
    0.8427421853623748
  ],
  "coef": [
    [
      -0.7774952892246142,
      -0.30712089710737817,
      0.16633101472333606,
      0.2815284906938042,
      0.203835664244884,
      -0.010364001862804508,
      0.09521887243822376,
      0.25886537367517143,
      -0.13421074172967198,
      -0.30139647936750313,
      0.12028659269010303,
      -0.23739309463761793
    ],
    [
      -0.7145886172878829,
      0.44428228307209466,
      -0.12523322086592747,
      -0.41852327490583313,
      -0.4397977057503534,
      0.3818728504336211,
      -0.3436503684599977,
      -0.00984078349807365,
      0.19043113364104933,
      0.16127855938709532,
      0.007149082355362591,
      0.19044399478989174
    ],
    [
      1.4920839065124971,
      -0.13716138596471664,
      -0.04109779385740811,
      0.13699478421202946,
      0.23596204150546898,
      -0.3715088485708166,
      0.24843149602177456,
      -0.24902459017709813,
      -0.056220391911376386,
      0.14011791998040812,
      -0.12743567504546394,
      0.046949099847726536
    ]
  ],
  "intercept": [
    -0.21782779285383563,
    -0.19971553715805537,
    0.41754333001189026
  ],
  "classes": [
    -1,
    0,
    1
  ],
  "feature_names": [
    "elo_diff",
    "spi_diff",
    "xg_diff",
    "xga_diff",
    "ppda_ratio",
    "field_tilt_diff",
    "coach_rating_diff",
    "squad_depth_diff",
    "gk_quality_diff",
    "set_piece_diff",
    "shots_in_box_diff",
    "goal_creating_actions_diff"
  ],
  "n_samples": 147,
  "training_accuracy": 0.7142857142857143
}