{
  "mean": [
    69.79081632653062,
    3.3530612244897977,
    0.19455758017492714,
    -0.06886734693877553,
    1.085399327007826,
    2.3131615646258514,
    0.18197278911564613,
    0.5506802721088434,
    0.009386054421768706,
    0.2598639455782313,
    0.6189829931972788,
    0.2384812925170067
  ],
  "std": [
    376.11950190275763,
    11.94488366334915,
    0.7489473751035701,
    0.5628576801620914,
    0.24490505128033474,
    8.367755460057158,
    1.117844270602361,
    2.0674248641669895,
    0.09725356115327996,
    1.1594622960477474,
    2.177311596110865,
    0.8651535720117954
  ],
  "coef": [
    [
      -1.2322208816783307,
      -0.3304380774456107,
      -0.08308911790560282,
      0.2815743730253078,
      0.2197133335848928,
      0.0001794334096759815,
      0.22407631810551568,
      0.2981325951077895,
      -0.20867383582842958,
      -0.21888966464143847,
      0.0959263542982851,
      -0.22045327307561957
    ],
    [
      -0.2680496743741846,
      0.36839683434814446,
      0.12926587050993485,
      -0.35268311313374257,
      -0.34463360953370775,
      0.344882135988976,
      -0.5357969521382294,
      -0.05927210047292625,
      0.33608051537125583,
      -0.02478355414385186,
      -0.03220300592465341,
      0.06949978354125176
    ],
    [
      1.500270556052516,
      -0.037958756902534085,
      -0.04617675260433167,
      0.07110874010843476,
      0.12492027594881454,
      -0.3450615693986515,
      0.31172063403271427,
      -0.23886049463486295,
      -0.12740667954282567,
      0.24367321878529036,
      -0.06372334837363137,
      0.1509534895343675
    ]
  ],
  "intercept": [
    -0.2671684986899229,
    -0.10214307713877464,
    0.3693115758286975
  ],
  "classes": [
    -1,
    0,
    1
  ],
  "feature_names": [
    "elo_diff",
    "spi_diff",
    "xg_diff",
    "xga_diff",
    "ppda_ratio",
    "field_tilt_diff",
    "coach_rating_diff",
    "squad_depth_diff",
    "gk_quality_diff",
    "set_piece_diff",
    "shots_in_box_diff",
    "goal_creating_actions_diff"
  ],
  "n_samples": 196,
  "training_accuracy": 0.6989795918367347
}