{
  "mean": [
    63.6931216931217,
    3.344973544973547,
    0.18477928949357522,
    -0.0832698412698413,
    1.0833369427522952,
    2.2861728395061744,
    0.1686067019400352,
    0.5467372134038799,
    0.009225749559082891,
    0.2747795414462081,
    0.6107813051146382,
    0.23483245149911805
  ],
  "std": [
    336.1224282580467,
    12.05846158922319,
    0.7632381077493441,
    0.5956681777460835,
    0.2455791764955198,
    8.408950472916244,
    1.1163865762297078,
    2.085643430555802,
    0.09816907427562135,
    1.16596049233299,
    2.1924004479272092,
    0.8682948500643385
  ],
  "coef": [
    [
      -1.0101224170444179,
      -0.3730336147491273,
      -0.125656372076029,
      0.2800283371314976,
      0.2061460899815699,
      0.0018423487796921003,
      0.3025687037692994,
      0.31341025345946866,
      -0.270042359112304,
      -0.21124729792035662,
      0.09127044268821143,
      -0.2346198004301348
    ],
    [
      -0.4087543237498799,
      0.3481219235816375,
      0.14770874245794224,
      -0.3606904569976616,
      -0.41940887682205436,
      0.4171362318657069,
      -0.4762373132051048,
      -0.08361747818386255,
      0.2898287223309331,
      -0.0023527881826477396,
      -0.025027349532243996,
      0.08380137243918205
    ],
    [
      1.4188767407942984,
      0.024911691167489643,
      -0.022052370381913492,
      0.08066211986616441,
      0.21326278684048422,
      -0.41897858064539945,
      0.17366860943580523,
      -0.22979277527560654,
      -0.01978636321862912,
      0.21360008610300416,
      -0.06624309315596784,
      0.15081842799095285
    ]
  ],
  "intercept": [
    -0.268218341377729,
    -0.08321645980591737,
    0.3514348011836467
  ],
  "classes": [
    -1,
    0,
    1
  ],
  "feature_names": [
    "elo_diff",
    "spi_diff",
    "xg_diff",
    "xga_diff",
    "ppda_ratio",
    "field_tilt_diff",
    "coach_rating_diff",
    "squad_depth_diff",
    "gk_quality_diff",
    "set_piece_diff",
    "shots_in_box_diff",
    "goal_creating_actions_diff"
  ],
  "n_samples": 189,
  "training_accuracy": 0.671957671957672
}