{
  "mean": [
    65.71891891891892,
    3.3497297297297317,
    0.1840177606177606,
    -0.08631351351351359,
    1.0844658845362296,
    2.3289333333333353,
    0.1581981981981981,
    0.5439639639639638,
    0.009917117117117116,
    0.27099099099099094,
    0.6146414414414413,
    0.238526126126126
  ],
  "std": [
    348.1906233410301,
    12.029549762751783,
    0.7692030134573111,
    0.604458908429305,
    0.24562002813578065,
    8.418816546177867,
    1.113352104981359,
    2.09341048773834,
    0.09797312422479786,
    1.1676337985886347,
    2.2031464585183627,
    0.870755040530181
  ],
  "coef": [
    [
      -1.0264396718394673,
      -0.34555980298660066,
      -0.0706878299300982,
      0.25631574244614097,
      0.21682312625081124,
      -0.004116552243931971,
      0.27425232545202677,
      0.28543133316078034,
      -0.22045738813788227,
      -0.29550680899738807,
      0.08390673651084017,
      -0.216904496853095
    ],
    [
      -0.3946689720261441,
      0.37290000041749527,
      0.041317099809330536,
      -0.332577013527597,
      -0.4002017688653552,
      0.45748605639267254,
      -0.4610537073856066,
      -0.07886962412720623,
      0.2739094557667188,
      0.07344838262784321,
      -0.031179344413258755,
      0.0449810705558606
    ],
    [
      1.421108643865612,
      -0.02734019743089457,
      0.029370730120767484,
      0.07626127108145596,
      0.18337864261454428,
      -0.4533695041487405,
      0.1868013819335798,
      -0.2065617090335743,
      -0.053452067628836315,
      0.22205842636954481,
      -0.052727392097581455,
      0.17192342629723403
    ]
  ],
  "intercept": [
    -0.27491432081195005,
    -0.08715594807963487,
    0.3620702688915843
  ],
  "classes": [
    -1,
    0,
    1
  ],
  "feature_names": [
    "elo_diff",
    "spi_diff",
    "xg_diff",
    "xga_diff",
    "ppda_ratio",
    "field_tilt_diff",
    "coach_rating_diff",
    "squad_depth_diff",
    "gk_quality_diff",
    "set_piece_diff",
    "shots_in_box_diff",
    "goal_creating_actions_diff"
  ],
  "n_samples": 185,
  "training_accuracy": 0.654054054054054
}