{
  "mean": [
    65.93984962406014,
    4.178947368421053,
    0.24498711063372713,
    -0.08306766917293232,
    1.1008988746729007,
    2.9689523809523815,
    0.24561403508771923,
    0.6934837092731829,
    0.013561403508771932,
    0.35363408521303263,
    0.789065162907268,
    0.3091904761904762
  ],
  "std": [
    186.15511195033173,
    10.236783539658903,
    0.7333145486345625,
    0.5478259039008587,
    0.24172377823532906,
    8.15733304505367,
    1.0734801475285982,
    1.9896661124103534,
    0.09677323974388827,
    1.0889268328156094,
    2.1123633078359902,
    0.8400923958470823
  ],
  "coef": [
    [
      -0.5838540724564873,
      -0.26310040018723596,
      0.169497021692347,
      0.2689329418406554,
      0.16368143926837636,
      0.006838566634518733,
      0.05679782508538666,
      0.29436350020117097,
      -0.09889799127089476,
      -0.30045745278171115,
      0.1023969561928143,
      -0.248740741447058
    ],
    [
      -0.773047405101021,
      0.39174161156132253,
      -0.0816749742327271,
      -0.49152273705577854,
      -0.44367265020580654,
      0.3887074171367277,
      -0.3877419339717939,
      -0.043441008500207524,
      0.19295878489528512,
      0.14499193680473724,
      0.08571939024980318,
      0.24131082129865875
    ],
    [
      1.356901477557507,
      -0.12864121137408666,
      -0.0878220474596206,
      0.22258979521512345,
      0.2799912109374295,
      -0.39554598377124567,
      0.33094410888640735,
      -0.2509224917009635,
      -0.09406079362439114,
      0.1554655159769742,
      -0.1881163464426171,
      0.007429920148399065
    ]
  ],
  "intercept": [
    -0.1447001590940711,
    -0.186867494208521,
    0.3315676533025925
  ],
  "classes": [
    -1,
    0,
    1
  ],
  "feature_names": [
    "elo_diff",
    "spi_diff",
    "xg_diff",
    "xga_diff",
    "ppda_ratio",
    "field_tilt_diff",
    "coach_rating_diff",
    "squad_depth_diff",
    "gk_quality_diff",
    "set_piece_diff",
    "shots_in_box_diff",
    "goal_creating_actions_diff"
  ],
  "n_samples": 133,
  "training_accuracy": 0.706766917293233
}