{
  "mean": [
    62.24031007751938,
    3.8751937984496125,
    0.2440564784053156,
    -0.07494573643410851,
    1.0965908548534529,
    2.850555555555556
  ],
  "std": [
    164.79970343136736,
    9.98671234251065,
    0.7267380951568836,
    0.5456026794996252,
    0.23765760809661501,
    8.117034617867187
  ],
  "coef": [
    [
      -0.4079231392007077,
      -0.2980549046855619,
      -0.042878447618567475,
      0.3552350315978966,
      0.2284983416192518,
      0.018623756360114943
    ],
    [
      -0.46290377321209736,
      0.4725266597724915,
      -0.2119023870954866,
      -0.31237111900100234,
      -0.24338638946680854,
      0.37996825324659944
    ],
    [
      0.8708269124128047,
      -0.17447175508692958,
      0.2547808347140537,
      -0.0428639125968944,
      0.014888047847557095,
      -0.39859200960671426
    ]
  ],
  "intercept": [
    -0.14765448612863977,
    -0.19597673628736131,
    0.34363122241600097
  ],
  "classes": [
    -1,
    0,
    1
  ],
  "feature_names": [
    "elo_diff",
    "spi_diff",
    "xg_diff",
    "xga_diff",
    "ppda_ratio",
    "field_tilt_diff"
  ],
  "n_samples": 129,
  "training_accuracy": 0.6124031007751938
}