{
  "mean": [
    47.946107784431135,
    2.943113772455092,
    0.16750470487596242,
    -0.0598682634730539,
    1.077486977695134,
    2.0264650698602806,
    0.13872255489021948,
    0.4882235528942114,
    0.010536926147704592,
    0.2558882235528942,
    0.5430399201596805,
    0.20958283433133723
  ],
  "std": [
    301.2390631102369,
    11.811587120468658,
    0.7667613212818352,
    0.6139969528381954,
    0.24595203180384595,
    8.4650621835323,
    1.111463088819407,
    2.0902717286177332,
    0.09713006726617462,
    1.1684831565068843,
    2.2033882037860146,
    0.8743529714712716
  ],
  "coef": [
    [
      -0.9431228390019403,
      -0.33647307204826216,
      0.1220118509494977,
      0.31457454620715036,
      0.25208838294384106,
      -0.04666911735140386,
      0.14840632601441514,
      0.24631313961892382,
      -0.2137808111976841,
      -0.23190031894703234,
      0.08991666339359092,
      -0.21005524065212794
    ],
    [
      -0.30329320095510803,
      0.32360653633594216,
      -0.1414940971620511,
      -0.4055300102651589,
      -0.369923315646688,
      0.4352760177225318,
      -0.41730754813804966,
      -0.04891488464172899,
      0.3172641975333992,
      0.03736842188301963,
      -0.010975494499989047,
      0.0567957926945421
    ],
    [
      1.2464160399570492,
      0.012866535712320278,
      0.019482246212553556,
      0.0909554640580083,
      0.1178349327028478,
      -0.388606900371128,
      0.26890122212363426,
      -0.19739825497719507,
      -0.10348338633571587,
      0.19453189706401275,
      -0.07894116889360119,
      0.1532594479575865
    ]
  ],
  "intercept": [
    -0.21473369793486607,
    -0.10446300961914955,
    0.3191967075540133
  ],
  "classes": [
    -1,
    0,
    1
  ],
  "feature_names": [
    "elo_diff",
    "spi_diff",
    "xg_diff",
    "xga_diff",
    "ppda_ratio",
    "field_tilt_diff",
    "coach_rating_diff",
    "squad_depth_diff",
    "gk_quality_diff",
    "set_piece_diff",
    "shots_in_box_diff",
    "goal_creating_actions_diff"
  ],
  "n_samples": 167,
  "training_accuracy": 0.6706586826347305
}