{
  "mean": [
    56.69767441860465,
    3.0924418604651187,
    0.17879817275747517,
    -0.07463953488372091,
    1.0803305544888555,
    2.1402364341085285,
    0.15910852713178286,
    0.518798449612403,
    0.011358527131782948,
    0.26879844961240307,
    0.5712073643410851,
    0.22054263565891463
  ],
  "std": [
    318.7478981150013,
    11.8400532718049,
    0.7719925666623664,
    0.615865281115525,
    0.24544414867955963,
    8.423773587250954,
    1.109847444462061,
    2.087065334083111,
    0.09647792994949522,
    1.1699518986546222,
    2.1980734453340545,
    0.8699894532113573
  ],
  "coef": [
    [
      -1.0236059939919977,
      -0.33452539647483437,
      0.09356821241886364,
      0.31189398093810894,
      0.2352464233715879,
      -0.028314097859391957,
      0.17036954682260225,
      0.2606167042405107,
      -0.22434383380193032,
      -0.23582560977580888,
      0.0996098891994625,
      -0.20573330591308728
    ],
    [
      -0.30382876357999455,
      0.33792398298650017,
      -0.10455329973828116,
      -0.39808094050070647,
      -0.3732316898558073,
      0.4355176414623163,
      -0.460775502593361,
      -0.0546267128351106,
      0.34417336631584267,
      0.014539636391675081,
      -0.01653298598040977,
      0.052620008539911375
    ],
    [
      1.3274347575719911,
      -0.0033985865116657474,
      0.01098508731941726,
      0.08618695956259771,
      0.13798526648421944,
      -0.4072035436029238,
      0.29040595577075934,
      -0.20598999140540022,
      -0.11982953251391285,
      0.22128597338413358,
      -0.08307690321905215,
      0.15311329737317653
    ]
  ],
  "intercept": [
    -0.24499149593017733,
    -0.11296359789390784,
    0.3579550938240837
  ],
  "classes": [
    -1,
    0,
    1
  ],
  "feature_names": [
    "elo_diff",
    "spi_diff",
    "xg_diff",
    "xga_diff",
    "ppda_ratio",
    "field_tilt_diff",
    "coach_rating_diff",
    "squad_depth_diff",
    "gk_quality_diff",
    "set_piece_diff",
    "shots_in_box_diff",
    "goal_creating_actions_diff"
  ],
  "n_samples": 172,
  "training_accuracy": 0.6744186046511628
}