{
  "mean": [
    67.07853403141361,
    3.4172774869109968,
    0.19043605086013463,
    -0.086848167539267,
    1.0865788719011777,
    2.3827469458987798,
    0.17574171029668403,
    0.5614310645724258,
    0.00944851657940663,
    0.26928446771378706,
    0.6351657940663175,
    0.24576614310645714
  ],
  "std": [
    354.40555511634886,
    12.020626466650965,
    0.7579838245682629,
    0.5898071945009858,
    0.24631554828563315,
    8.417820213070033,
    1.1136425747800043,
    2.0796127866498155,
    0.09811577730165233,
    1.1613511969318582,
    2.1937399520376606,
    0.8702545648006937
  ],
  "coef": [
    [
      -1.156620333296518,
      -0.351570685280176,
      -0.07780477289289588,
      0.27308557098546515,
      0.22401744091481487,
      0.003685605541670918,
      0.2255138043017526,
      0.30368090167094935,
      -0.2385738129723294,
      -0.1818577171112306,
      0.07876016434331949,
      -0.21976623599249706
    ],
    [
      -0.33511825767235276,
      0.36104010752805377,
      0.11716159525938494,
      -0.3356390433450551,
      -0.3944245967160122,
      0.39230363358972525,
      -0.49652503913919116,
      -0.07352055283253094,
      0.31403016765545866,
      0.012343801857868516,
      -0.03562820492257123,
      0.06627191365346129
    ],
    [
      1.4917385909688705,
      -0.009469422247877897,
      -0.03935682236648925,
      0.06255347235959083,
      0.1704071558011979,
      -0.3959892391313962,
      0.2710112348374385,
      -0.2301603488384184,
      -0.07545635468312886,
      0.16951391525336193,
      -0.043131959420748274,
      0.15349432233903584
    ]
  ],
  "intercept": [
    -0.2998483851735028,
    -0.0762211889635516,
    0.3760695741370545
  ],
  "classes": [
    -1,
    0,
    1
  ],
  "feature_names": [
    "elo_diff",
    "spi_diff",
    "xg_diff",
    "xga_diff",
    "ppda_ratio",
    "field_tilt_diff",
    "coach_rating_diff",
    "squad_depth_diff",
    "gk_quality_diff",
    "set_piece_diff",
    "shots_in_box_diff",
    "goal_creating_actions_diff"
  ],
  "n_samples": 191,
  "training_accuracy": 0.680628272251309
}