{
  "mean": [
    62.02285714285714,
    3.1971428571428597,
    0.18601877551020424,
    -0.08730285714285713,
    1.08370027514115,
    2.2051295238095254,
    0.1603809523809523,
    0.5379047619047618,
    0.01223809523809524,
    0.2716190476190476,
    0.6018152380952381,
    0.230647619047619
  ],
  "std": [
    326.33448141939476,
    11.770934802404138,
    0.7699752237108217,
    0.6199545464839518,
    0.24586053108537234,
    8.387346721371031,
    1.1003528355994692,
    2.0754264561907974,
    0.09620678032497952,
    1.1610781446784217,
    2.1957417489507414,
    0.8684894806788892
  ],
  "coef": [
    [
      -1.0398267756194322,
      -0.33444691230168316,
      0.10975913117279588,
      0.32645272870782777,
      0.23051469048824158,
      -0.011545149966212946,
      0.1791618404075837,
      0.2560340706597489,
      -0.22443423196670198,
      -0.23612361472760868,
      0.07409366919101999,
      -0.20234124227601785
    ],
    [
      -0.29492333915366087,
      0.3467943437666553,
      -0.10442725166816502,
      -0.3762439720896306,
      -0.3987580630845856,
      0.4862994417572218,
      -0.40398208749003717,
      -0.062471416813351874,
      0.3091184878714846,
      0.07019394433953936,
      -0.09652299431568159,
      0.04448443444081211
    ],
    [
      1.334750114773094,
      -0.012347431464972206,
      -0.005331879504630342,
      0.04979124338180324,
      0.1682433725963442,
      -0.47475429179100886,
      0.22482024708245407,
      -0.19356265384639681,
      -0.08468425590478254,
      0.16592967038806933,
      0.022429325124661545,
      0.15785680783520592
    ]
  ],
  "intercept": [
    -0.2792276456884345,
    -0.11974528780156958,
    0.39897293349000434
  ],
  "classes": [
    -1,
    0,
    1
  ],
  "feature_names": [
    "elo_diff",
    "spi_diff",
    "xg_diff",
    "xga_diff",
    "ppda_ratio",
    "field_tilt_diff",
    "coach_rating_diff",
    "squad_depth_diff",
    "gk_quality_diff",
    "set_piece_diff",
    "shots_in_box_diff",
    "goal_creating_actions_diff"
  ],
  "n_samples": 175,
  "training_accuracy": 0.6857142857142857
}