{
  "mean": [
    58.04575163398693,
    3.8359477124183026,
    0.21577310924369744,
    -0.07671895424836604,
    1.095131945956411,
    2.5879782135076264,
    0.2076252723311546,
    0.6283224400871459,
    0.01598474945533769,
    0.3374727668845316,
    0.7037755991285402,
    0.27003485838779945
  ],
  "std": [
    265.1192441017108,
    11.108041098367329,
    0.7578773502612802,
    0.5972652431595933,
    0.24308071162080144,
    8.250574811222227,
    1.0935391347570125,
    2.037854437378279,
    0.09698742770435631,
    1.1223634173871684,
    2.1509472577868514,
    0.85227064920516
  ],
  "coef": [
    [
      -0.6137079298489632,
      -0.2794942788824022,
      0.1911847702274907,
      0.3376247001610966,
      0.24274551357449423,
      -0.0858885219766584,
      0.17877534672691717,
      0.2577416108201603,
      -0.21177476636380851,
      -0.35286387040319867,
      0.06595772013896171,
      -0.22409330906714509
    ],
    [
      -0.5426363336754962,
      0.3539787199398116,
      -0.16566955315939094,
      -0.4440343169613074,
      -0.46916034045057353,
      0.4429637524688758,
      -0.29542604220237983,
      -0.039744519066788955,
      0.18089322785735298,
      0.14367839365728585,
      0.0611190425076878,
      0.12351417679091498
    ],
    [
      1.1563442635244594,
      -0.07448444105740887,
      -0.025515217068099866,
      0.10640961680021108,
      0.2264148268760789,
      -0.3570752304922172,
      0.11665069547546214,
      -0.2179970917533714,
      0.030881538506455294,
      0.20918547674591292,
      -0.12707676264664966,
      0.10057913227623072
    ]
  ],
  "intercept": [
    -0.2083665691193564,
    -0.18158712306628083,
    0.38995369218563797
  ],
  "classes": [
    -1,
    0,
    1
  ],
  "feature_names": [
    "elo_diff",
    "spi_diff",
    "xg_diff",
    "xga_diff",
    "ppda_ratio",
    "field_tilt_diff",
    "coach_rating_diff",
    "squad_depth_diff",
    "gk_quality_diff",
    "set_piece_diff",
    "shots_in_box_diff",
    "goal_creating_actions_diff"
  ],
  "n_samples": 153,
  "training_accuracy": 0.6928104575163399
}