{
  "mean": [
    66.84848484848484,
    4.267424242424243,
    0.2500248917748918,
    -0.09104545454545455,
    1.1025159352908573,
    3.0234292929292934,
    0.2520202020202019,
    0.7063131313131313,
    0.014058080808080811,
    0.36237373737373746,
    0.79995202020202,
    0.3142070707070707
  ],
  "std": [
    171.22457718165828,
    10.224698974691071,
    0.7354014689268418,
    0.540256012034984,
    0.2419199447860908,
    8.164035796039064,
    1.0750029956559752,
    1.9917005093095193,
    0.09697008716646034,
    1.0883868557927658,
    2.116629094605126,
    0.8412816156228674
  ],
  "coef": [
    [
      -0.5065106131815941,
      -0.23634565431850266,
      0.10392668120808754,
      0.27480157453605986,
      0.1996039783576021,
      -0.009725545451663839,
      0.03957791231169036,
      0.303524856487573,
      -0.09414718325602416,
      -0.28670496623983804,
      0.09680829412671807,
      -0.24758691023851417
    ],
    [
      -0.7816526139016216,
      0.47768699750165605,
      -0.11089582118779032,
      -0.4284071171471716,
      -0.4384734120350997,
      0.36470129536318246,
      -0.3945833141772978,
      -0.049819070448951064,
      0.2410026720483403,
      0.1399002276140926,
      0.11722231910244649,
      0.2708273844530168
    ],
    [
      1.2881632270832164,
      -0.24134134318315364,
      0.006969139979703021,
      0.15360554261111203,
      0.23886943367749783,
      -0.3549757499115192,
      0.35500540186560753,
      -0.25370578603862204,
      -0.14685548879231677,
      0.14680473862574536,
      -0.21403061322916467,
      -0.023240474214502777
    ]
  ],
  "intercept": [
    -0.16780635549767037,
    -0.1774931749490174,
    0.34529953044668765
  ],
  "classes": [
    -1,
    0,
    1
  ],
  "feature_names": [
    "elo_diff",
    "spi_diff",
    "xg_diff",
    "xga_diff",
    "ppda_ratio",
    "field_tilt_diff",
    "coach_rating_diff",
    "squad_depth_diff",
    "gk_quality_diff",
    "set_piece_diff",
    "shots_in_box_diff",
    "goal_creating_actions_diff"
  ],
  "n_samples": 132,
  "training_accuracy": 0.696969696969697
}