{
  "mean": [
    46.35757575757576,
    2.980000000000002,
    0.17432294372294377,
    -0.059563636363636374,
    1.0782692734304373,
    2.0232040404040417,
    0.1452525252525252,
    0.4874747474747472,
    0.011494949494949497,
    0.26505050505050504,
    0.545440404040404,
    0.2095050505050504
  ],
  "std": [
    288.8399567657253,
    11.740141963934397,
    0.7641536598134568,
    0.6174826636350264,
    0.2464871226668384,
    8.449468231078042,
    1.1121805046625912,
    2.0869140186927155,
    0.09728664720985172,
    1.1683641680140107,
    2.2025465163955174,
    0.8741859571538142
  ],
  "coef": [
    [
      -0.838764844545151,
      -0.31251589651116773,
      0.09687566939154243,
      0.3589394363696826,
      0.26173096077574753,
      -0.050332500389954196,
      0.18230144758918165,
      0.2628866039248246,
      -0.23544484395607812,
      -0.22717446728009,
      0.07168485066956704,
      -0.2276944461352834
    ],
    [
      -0.3158443655611677,
      0.3112785801985804,
      -0.16025216861121686,
      -0.4240285488938643,
      -0.39033205331809245,
      0.44161682325760443,
      -0.42940246163095497,
      0.03190796338005057,
      0.2962202740905233,
      0.005035629483819243,
      -0.0049670964372732045,
      0.05852886070237891
    ],
    [
      1.1546092101063188,
      0.0012373163125866356,
      0.0633764992196747,
      0.0650891125241817,
      0.12860109254234509,
      -0.39128432286765086,
      0.2471010140417732,
      -0.294794567304875,
      -0.06077543013444546,
      0.22213883779627097,
      -0.06671775423229372,
      0.16916558543290458
    ]
  ],
  "intercept": [
    -0.21319646852087556,
    -0.10321679392717804,
    0.3164132624480532
  ],
  "classes": [
    -1,
    0,
    1
  ],
  "feature_names": [
    "elo_diff",
    "spi_diff",
    "xg_diff",
    "xga_diff",
    "ppda_ratio",
    "field_tilt_diff",
    "coach_rating_diff",
    "squad_depth_diff",
    "gk_quality_diff",
    "set_piece_diff",
    "shots_in_box_diff",
    "goal_creating_actions_diff"
  ],
  "n_samples": 165,
  "training_accuracy": 0.6727272727272727
}