{
  "mean": [
    69.80412371134021,
    3.393298969072167,
    0.19450147275405008,
    -0.0804020618556701,
    1.0857377143215583,
    2.328761168384881,
    0.18281786941580747,
    0.5532646048109965,
    0.009276632302405496,
    0.26512027491408935,
    0.6186632302405497,
    0.23887800687285213
  ],
  "std": [
    358.2290817822324,
    11.99396353511847,
    0.7396457970968197,
    0.5799666655865879,
    0.24583584666607458,
    8.409139124093864,
    1.111753703781028,
    2.0777976477872886,
    0.09761565639087799,
    1.1617682696874698,
    2.1882152382635303,
    0.869533545022565
  ],
  "coef": [
    [
      -1.1018962368033685,
      -0.34951793726178326,
      0.022778670348270864,
      0.2708072464115957,
      0.21384318735950977,
      -0.034798821585788675,
      0.26178471540877835,
      0.32668846432569243,
      -0.25100130424855355,
      -0.23456994423507707,
      0.05709284554129039,
      -0.2806407285191287
    ],
    [
      -0.3346982395764266,
      0.3646891195572338,
      0.09728844775729142,
      -0.341752739876895,
      -0.37243177372381536,
      0.3711854449321087,
      -0.5385245655458036,
      -0.07722195330321997,
      0.34286229829877385,
      -0.003441788263083895,
      -0.0031740710418541335,
      0.08884498445351818
    ],
    [
      1.4365944763797949,
      -0.015171182295450062,
      -0.12006711810556249,
      0.0709454934652986,
      0.1585885863643062,
      -0.33638662334631947,
      0.2767398501370251,
      -0.2494665110224725,
      -0.09186099405022019,
      0.2380117324981614,
      -0.053918774499435655,
      0.19179574406561106
    ]
  ],
  "intercept": [
    -0.2710626027446768,
    -0.09838722787133668,
    0.36944983061601355
  ],
  "classes": [
    -1,
    0,
    1
  ],
  "feature_names": [
    "elo_diff",
    "spi_diff",
    "xg_diff",
    "xga_diff",
    "ppda_ratio",
    "field_tilt_diff",
    "coach_rating_diff",
    "squad_depth_diff",
    "gk_quality_diff",
    "set_piece_diff",
    "shots_in_box_diff",
    "goal_creating_actions_diff"
  ],
  "n_samples": 194,
  "training_accuracy": 0.6752577319587629
}