{
  "mean": [
    53.28235294117647,
    2.9170588235294144,
    0.17019579831932782,
    -0.06810588235294117,
    1.0774505002185581,
    2.047792156862746,
    0.14627450980392148,
    0.49137254901960775,
    0.0107921568627451,
    0.25078431372549015,
    0.5448627450980391,
    0.21052549019607833
  ],
  "std": [
    312.4776739983272,
    11.779953193108787,
    0.771966097947899,
    0.6148207777791241,
    0.24530764309075578,
    8.428877956243385,
    1.108390095761835,
    2.08225401338067,
    0.09672107294461273,
    1.1616598612407996,
    2.1962824843575404,
    0.8698633291740451
  ],
  "coef": [
    [
      -1.0088363125034125,
      -0.3432086813942492,
      0.09144164906178819,
      0.29852402791156374,
      0.23303826279070583,
      -0.03108459419300537,
      0.16950040302233008,
      0.2576116068215097,
      -0.22395104974285188,
      -0.2320708079060847,
      0.10093265026931278,
      -0.19974867655472284
    ],
    [
      -0.31636420330287623,
      0.3539309075096541,
      -0.12411771088697811,
      -0.3977239922106848,
      -0.356720897730665,
      0.4189352362353728,
      -0.4406890063291934,
      -0.0489800848553918,
      0.31819606853246124,
      0.044090977381585225,
      -0.022152714886174523,
      0.05306816927958732
    ],
    [
      1.325200515806288,
      -0.01072222611540475,
      0.03267606182518938,
      0.09919996429912162,
      0.12368263493995893,
      -0.38785064204236797,
      0.27118860330686406,
      -0.20863152196611814,
      -0.09424501878960902,
      0.18797983052449974,
      -0.07877993538313811,
      0.14668050727513532
    ]
  ],
  "intercept": [
    -0.2249400025993456,
    -0.11236829691760927,
    0.3373082995169567
  ],
  "classes": [
    -1,
    0,
    1
  ],
  "feature_names": [
    "elo_diff",
    "spi_diff",
    "xg_diff",
    "xga_diff",
    "ppda_ratio",
    "field_tilt_diff",
    "coach_rating_diff",
    "squad_depth_diff",
    "gk_quality_diff",
    "set_piece_diff",
    "shots_in_box_diff",
    "goal_creating_actions_diff"
  ],
  "n_samples": 170,
  "training_accuracy": 0.6764705882352942
}