{
  "mean": [
    69.7025641025641,
    3.354358974358976,
    0.18776043956043956,
    -0.07763076923076925,
    1.0849483833856437,
    2.3178444444444457,
    0.17418803418803408,
    0.5509401709401708,
    0.009075213675213674,
    0.2663247863247863,
    0.6170290598290596,
    0.23816581196581188
  ],
  "std": [
    366.36578854891246,
    11.97545862188462,
    0.7326459900914531,
    0.5769224958629552,
    0.24545103276032423,
    8.388927629837529,
    1.1153949175933173,
    2.072715980960977,
    0.09740544709373206,
    1.1589069894445192,
    2.1827158990628215,
    0.867357832467909
  ],
  "coef": [
    [
      -1.1883955330071283,
      -0.36397006334476006,
      -0.050845205372628155,
      0.27154930225937046,
      0.20111181889626908,
      -0.012980388749037656,
      0.19617494924102868,
      0.3395833025957781,
      -0.22715129834383907,
      -0.17933364717782452,
      0.08717609190317997,
      -0.2284907838066964
    ],
    [
      -0.29468384372718687,
      0.39202643915012,
      0.12346172557198284,
      -0.33659018615677144,
      -0.3444322841650794,
      0.3599367294946767,
      -0.5044410815166362,
      -0.09203648548238746,
      0.3414737068314635,
      -0.04994361909739147,
      -0.029083373936942183,
      0.06970412341886953
    ],
    [
      1.4830793767343142,
      -0.028056375805359707,
      -0.07261652019935433,
      0.06504088389740127,
      0.14332046526880984,
      -0.3469563407456389,
      0.3082661322756074,
      -0.24754681711339116,
      -0.11432240848762468,
      0.2292772662752161,
      -0.05809271796623708,
      0.15878666038782752
    ]
  ],
  "intercept": [
    -0.2710116482902805,
    -0.09529094528919942,
    0.36630259357947964
  ],
  "classes": [
    -1,
    0,
    1
  ],
  "feature_names": [
    "elo_diff",
    "spi_diff",
    "xg_diff",
    "xga_diff",
    "ppda_ratio",
    "field_tilt_diff",
    "coach_rating_diff",
    "squad_depth_diff",
    "gk_quality_diff",
    "set_piece_diff",
    "shots_in_box_diff",
    "goal_creating_actions_diff"
  ],
  "n_samples": 195,
  "training_accuracy": 0.6871794871794872
}