{
  "mean": [
    67.03787878787878,
    4.267424242424243,
    0.2500248917748918,
    -0.09104545454545455,
    1.1025159352908573,
    3.0234292929292934,
    0.2520202020202019,
    0.7063131313131313,
    0.014058080808080811,
    0.36237373737373746,
    0.79995202020202,
    0.3142070707070707
  ],
  "std": [
    176.44663564903726,
    10.224698974691071,
    0.7354014689268418,
    0.540256012034984,
    0.2419199447860908,
    8.164035796039064,
    1.0750029956559752,
    1.9917005093095193,
    0.09697008716646034,
    1.0883868557927658,
    2.116629094605126,
    0.8412816156228674
  ],
  "coef": [
    [
      -0.5431597473477178,
      -0.24422846453455857,
      0.11870306373749598,
      0.2618868411130641,
      0.18891338226071266,
      0.0007139608678739961,
      0.049378044810044236,
      0.30031410990329926,
      -0.10215429512288363,
      -0.285516827072589,
      0.09546935509392894,
      -0.2450690124624182
    ],
    [
      -0.7952999655232994,
      0.43441636506993286,
      -0.08207194792593248,
      -0.45276918128172083,
      -0.44776358588476456,
      0.3768666342501647,
      -0.3919150005613961,
      -0.04689920310155852,
      0.21770475538414805,
      0.14526618269250027,
      0.10633905960525372,
      0.26243176989955974
    ],
    [
      1.3384597128710167,
      -0.19018790053537382,
      -0.03663111581156339,
      0.1908823401686568,
      0.2588502036240522,
      -0.37758059511803765,
      0.34253695575135223,
      -0.25341490680174006,
      -0.11555046026126382,
      0.14025064438008877,
      -0.2018084146991824,
      -0.01736275743714086
    ]
  ],
  "intercept": [
    -0.16206519664480706,
    -0.17945275291258883,
    0.3415179495573958
  ],
  "classes": [
    -1,
    0,
    1
  ],
  "feature_names": [
    "elo_diff",
    "spi_diff",
    "xg_diff",
    "xga_diff",
    "ppda_ratio",
    "field_tilt_diff",
    "coach_rating_diff",
    "squad_depth_diff",
    "gk_quality_diff",
    "set_piece_diff",
    "shots_in_box_diff",
    "goal_creating_actions_diff"
  ],
  "n_samples": 132,
  "training_accuracy": 0.7121212121212122
}