{
  "mean": [
    68.41145833333333,
    3.4031250000000015,
    0.19038169642857136,
    -0.08389583333333332,
    1.0856418291655814,
    2.34117013888889,
    0.17690972222222212,
    0.5600694444444444,
    0.009243055555555555,
    0.2704861111111111,
    0.627690972222222,
    0.24188194444444433
  ],
  "std": [
    356.2099282638069,
    11.99087720176086,
    0.7412653480021998,
    0.5861593565171835,
    0.2460143493620737,
    8.415509771562604,
    1.1108559684273493,
    2.0742754189586274,
    0.09790112145120873,
    1.158441939269703,
    2.1904569465812163,
    0.869643679665071
  ],
  "coef": [
    [
      -1.0630209214181006,
      -0.35076251945453957,
      -0.02297914476140085,
      0.2972817598710723,
      0.215688041212878,
      -0.057278775011861446,
      0.24988154354909103,
      0.36722362585147816,
      -0.2664726674936292,
      -0.17712681784174777,
      0.04838916553681145,
      -0.26907813314533785
    ],
    [
      -0.3489833321550523,
      0.36016695224516665,
      0.12911114754572367,
      -0.34920014405914584,
      -0.3792979537490025,
      0.3875970192087248,
      -0.5072419006551442,
      -0.08794531838356544,
      0.3340346850079063,
      -0.02498701666098723,
      -0.019517515656713374,
      0.07608265192009064
    ],
    [
      1.412004253573153,
      -0.009404432790626801,
      -0.10613200278432244,
      0.05191838418807367,
      0.163609912536125,
      -0.3303182441968635,
      0.2573603571060533,
      -0.27927830746791243,
      -0.06756201751427743,
      0.20211383450273523,
      -0.028871649880098,
      0.19299548122524718
    ]
  ],
  "intercept": [
    -0.2728692535373703,
    -0.09221414774753833,
    0.365083401284908
  ],
  "classes": [
    -1,
    0,
    1
  ],
  "feature_names": [
    "elo_diff",
    "spi_diff",
    "xg_diff",
    "xga_diff",
    "ppda_ratio",
    "field_tilt_diff",
    "coach_rating_diff",
    "squad_depth_diff",
    "gk_quality_diff",
    "set_piece_diff",
    "shots_in_box_diff",
    "goal_creating_actions_diff"
  ],
  "n_samples": 192,
  "training_accuracy": 0.6822916666666666
}