{
  "mean": [
    69.30386740331491,
    3.5773480662983452,
    0.2054325177584846,
    -0.09468508287292816,
    1.0886818703217287,
    2.4169042357274417,
    0.17771639042357265,
    0.5819521178637199,
    0.012732965009208104,
    0.29742173112338854,
    0.6492246777163904,
    0.25010128913443824
  ],
  "std": [
    333.998761761135,
    11.884703276597723,
    0.77020378031785,
    0.6117839011539784,
    0.24499052420052342,
    8.374476202601075,
    1.1043377013987798,
    2.068134895834813,
    0.09681630901712697,
    1.1611760225007417,
    2.185960801291007,
    0.8642941084407472
  ],
  "coef": [
    [
      -1.009025116445727,
      -0.35383559385807556,
      0.01214844846940731,
      0.32123552418735973,
      0.27233772253128496,
      -0.030295716441670433,
      0.18465458112297323,
      0.27684324413426187,
      -0.17839737542991116,
      -0.21985651288360678,
      0.05188682579101857,
      -0.21932585557501583
    ],
    [
      -0.4255248851659034,
      0.36793325094643925,
      0.009185056269151856,
      -0.3867471311602614,
      -0.4497027173683387,
      0.46687705166581644,
      -0.39730661711067666,
      -0.06780959018342454,
      0.23416553599993184,
      0.030588038050077843,
      -0.01292403351582005,
      0.07133388344295748
    ],
    [
      1.4345500016116308,
      -0.01409765708836334,
      -0.021333504738558905,
      0.06551160697290172,
      0.17736499483705376,
      -0.4365813352241455,
      0.21265203598770377,
      -0.20903365395083795,
      -0.055768160570020486,
      0.189268474833529,
      -0.038962792275198166,
      0.14799197213205856
    ]
  ],
  "intercept": [
    -0.3376550207041835,
    -0.07419335122120621,
    0.4118483719253902
  ],
  "classes": [
    -1,
    0,
    1
  ],
  "feature_names": [
    "elo_diff",
    "spi_diff",
    "xg_diff",
    "xga_diff",
    "ppda_ratio",
    "field_tilt_diff",
    "coach_rating_diff",
    "squad_depth_diff",
    "gk_quality_diff",
    "set_piece_diff",
    "shots_in_box_diff",
    "goal_creating_actions_diff"
  ],
  "n_samples": 181,
  "training_accuracy": 0.6629834254143646
}