{
  "mean": [
    66.92424242424242,
    4.267424242424243,
    0.2500248917748918,
    -0.09104545454545455,
    1.1025159352908573,
    3.0234292929292934
  ],
  "std": [
    173.74788515007324,
    10.224698974691071,
    0.7354014689268418,
    0.540256012034984,
    0.2419199447860908,
    8.164035796039064
  ],
  "coef": [
    [
      -0.5877685925791687,
      -0.3206873336645417,
      0.07227194700071282,
      0.2921370418420201,
      0.17809753246176266,
      0.06423362995090763
    ],
    [
      -0.7095875488131927,
      0.5576536963480552,
      -0.11243586488122301,
      -0.4187291701239751,
      -0.35442566535363657,
      0.41831307894443603
    ],
    [
      1.2973561413923616,
      -0.2369663626835135,
      0.040163917880510075,
      0.12659212828195546,
      0.176328132891874,
      -0.48254670889534407
    ]
  ],
  "intercept": [
    -0.16826294634183633,
    -0.16209471264272596,
    0.3303576589845626
  ],
  "classes": [
    -1,
    0,
    1
  ],
  "feature_names": [
    "elo_diff",
    "spi_diff",
    "xg_diff",
    "xga_diff",
    "ppda_ratio",
    "field_tilt_diff"
  ],
  "n_samples": 132,
  "training_accuracy": 0.6590909090909091
}