{
  "mean": [
    64.77692307692308,
    4.056153846153847,
    0.2513329670329671,
    -0.07959999999999999,
    1.1014575767844443,
    2.9780282051282057
  ],
  "std": [
    167.563777313164,
    10.158323634008442,
    0.7354124504898367,
    0.5515215959227987,
    0.24310909302663208,
    8.214352702833917
  ],
  "coef": [
    [
      -0.5014967981931973,
      -0.28335141430289945,
      0.0038822578659848716,
      0.3038791356430321,
      0.20121410393734288,
      0.038596508780938905
    ],
    [
      -0.5481072940345434,
      0.4589211446339516,
      -0.12967195482209384,
      -0.33157680197198863,
      -0.29778902612005725,
      0.4057675893812934
    ],
    [
      1.0496040922277405,
      -0.17556973033105228,
      0.12578969695610928,
      0.027697666328956465,
      0.09657492218271445,
      -0.4443640981622321
    ]
  ],
  "intercept": [
    -0.1550747059960405,
    -0.19484814908398862,
    0.34992285508002885
  ],
  "classes": [
    -1,
    0,
    1
  ],
  "feature_names": [
    "elo_diff",
    "spi_diff",
    "xg_diff",
    "xga_diff",
    "ppda_ratio",
    "field_tilt_diff"
  ],
  "n_samples": 130,
  "training_accuracy": 0.6307692307692307
}