{
  "mean": [
    69.2102564102564,
    3.354358974358976,
    0.18776043956043956,
    -0.07763076923076925,
    1.0849483833856437,
    2.3178444444444457,
    0.17418803418803408,
    0.5509401709401708,
    0.009075213675213674,
    0.2663247863247863,
    0.6170290598290596,
    0.23816581196581188
  ],
  "std": [
    362.86878591612424,
    11.97545862188462,
    0.7326459900914531,
    0.5769224958629552,
    0.24545103276032423,
    8.388927629837529,
    1.1153949175933173,
    2.072715980960977,
    0.09740544709373206,
    1.1589069894445192,
    2.1827158990628215,
    0.867357832467909
  ],
  "coef": [
    [
      -1.168696602901614,
      -0.37047072696624916,
      -0.04368793612334584,
      0.27266666154899466,
      0.19586904126280982,
      -0.017648453191314493,
      0.19666407329095661,
      0.3450505531684255,
      -0.22972529092845065,
      -0.17678790455135499,
      0.08795087078347162,
      -0.23303415670199495
    ],
    [
      -0.3030971172508646,
      0.39107821693526296,
      0.12615487472013506,
      -0.33883554914860126,
      -0.3469194398405171,
      0.36143141448257105,
      -0.5047738026149158,
      -0.09119920916311189,
      0.33980138527865816,
      -0.047390619470641035,
      -0.029258888049432642,
      0.06904319436561698
    ],
    [
      1.471793720152478,
      -0.02060748996901374,
      -0.08246693859678977,
      0.06616888759960707,
      0.15105039857770608,
      -0.3437829612912566,
      0.3081097293239589,
      -0.253851344005314,
      -0.11007609435020822,
      0.22417852402199503,
      -0.05869198273403982,
      0.16399096233637747
    ]
  ],
  "intercept": [
    -0.2665501274941948,
    -0.09700826070566132,
    0.3635583881998563
  ],
  "classes": [
    -1,
    0,
    1
  ],
  "feature_names": [
    "elo_diff",
    "spi_diff",
    "xg_diff",
    "xga_diff",
    "ppda_ratio",
    "field_tilt_diff",
    "coach_rating_diff",
    "squad_depth_diff",
    "gk_quality_diff",
    "set_piece_diff",
    "shots_in_box_diff",
    "goal_creating_actions_diff"
  ],
  "n_samples": 195,
  "training_accuracy": 0.6820512820512821
}