{
  "mean": [
    69.96428571428571,
    3.3530612244897977,
    0.19455758017492714,
    -0.06886734693877553,
    1.085399327007826,
    2.3131615646258514,
    0.18197278911564613,
    0.5506802721088434,
    0.009386054421768706,
    0.2598639455782313,
    0.6189829931972788,
    0.2384812925170067
  ],
  "std": [
    377.6032278782605,
    11.94488366334915,
    0.7489473751035701,
    0.5628576801620914,
    0.24490505128033474,
    8.367755460057158,
    1.117844270602361,
    2.0674248641669895,
    0.09725356115327996,
    1.1594622960477474,
    2.177311596110865,
    0.8651535720117954
  ],
  "coef": [
    [
      -1.2352713933349244,
      -0.32972288580789827,
      -0.0844700310507745,
      0.2824093270215981,
      0.21983356769173928,
      0.0009510567475496342,
      0.22316399036100393,
      0.2971576717228017,
      -0.20920692199955918,
      -0.21641813606337557,
      0.0942877735690124,
      -0.21874262832096444
    ],
    [
      -0.2676947221078053,
      0.36784627646614193,
      0.13069310385281946,
      -0.3532971470906656,
      -0.34588535304393797,
      0.3458156197408506,
      -0.5369568267770024,
      -0.05841707995888563,
      0.33601622011192855,
      -0.02383191027211321,
      -0.03270392756494701,
      0.06854423593850836
    ],
    [
      1.5029661154427303,
      -0.03812339065824335,
      -0.046223072802044116,
      0.07088782006906774,
      0.12605178535219838,
      -0.34676667648839987,
      0.3137928364159985,
      -0.23874059176391602,
      -0.12680929811237004,
      0.240250046335489,
      -0.0615838460040654,
      0.15019839238245689
    ]
  ],
  "intercept": [
    -0.26818738987019236,
    -0.10246594652368379,
    0.3706533363938775
  ],
  "classes": [
    -1,
    0,
    1
  ],
  "feature_names": [
    "elo_diff",
    "spi_diff",
    "xg_diff",
    "xga_diff",
    "ppda_ratio",
    "field_tilt_diff",
    "coach_rating_diff",
    "squad_depth_diff",
    "gk_quality_diff",
    "set_piece_diff",
    "shots_in_box_diff",
    "goal_creating_actions_diff"
  ],
  "n_samples": 196,
  "training_accuracy": 0.6989795918367347
}