{
  "mean": [
    69.88659793814433,
    3.393298969072167,
    0.19450147275405008,
    -0.0804020618556701,
    1.0857377143215583,
    2.328761168384881,
    0.18281786941580747,
    0.5532646048109965,
    0.009276632302405496,
    0.26512027491408935,
    0.6186632302405497,
    0.23887800687285213
  ],
  "std": [
    359.8146108071233,
    11.99396353511847,
    0.7396457970968197,
    0.5799666655865879,
    0.24583584666607458,
    8.409139124093864,
    1.111753703781028,
    2.0777976477872886,
    0.09761565639087799,
    1.1617682696874698,
    2.1882152382635303,
    0.869533545022565
  ],
  "coef": [
    [
      -1.1211834474673683,
      -0.344442653809171,
      0.013625985615927948,
      0.269725268165296,
      0.21701262104265442,
      -0.031589806141172495,
      0.2562288776644555,
      0.32638433416362683,
      -0.24752581068274201,
      -0.23162434576936614,
      0.05695335734155354,
      -0.2734833295298269
    ],
    [
      -0.32485338234021355,
      0.36593192341439784,
      0.09313345036689198,
      -0.3392191225290179,
      -0.3698503393988638,
      0.3697414439544176,
      -0.5394831137726988,
      -0.07682573173123806,
      0.3446029101122487,
      -0.005551450764718234,
      -0.00278108108029205,
      0.0897162227846294
    ],
    [
      1.446036829807582,
      -0.021489269605227145,
      -0.10675943598282028,
      0.06949385436372263,
      0.1528377183562089,
      -0.33815163781324525,
      0.28325423610824324,
      -0.24955860243238864,
      -0.09707709942950694,
      0.23717579653408416,
      -0.054172276261261774,
      0.1837671067451971
    ]
  ],
  "intercept": [
    -0.2741261951477059,
    -0.09654927170934527,
    0.3706754668570506
  ],
  "classes": [
    -1,
    0,
    1
  ],
  "feature_names": [
    "elo_diff",
    "spi_diff",
    "xg_diff",
    "xga_diff",
    "ppda_ratio",
    "field_tilt_diff",
    "coach_rating_diff",
    "squad_depth_diff",
    "gk_quality_diff",
    "set_piece_diff",
    "shots_in_box_diff",
    "goal_creating_actions_diff"
  ],
  "n_samples": 194,
  "training_accuracy": 0.6804123711340206
}