{
  "mean": [
    65.71428571428571,
    4.178947368421053,
    0.24498711063372713,
    -0.08306766917293232,
    1.1008988746729007,
    2.9689523809523815,
    0.24561403508771923,
    0.6934837092731829,
    0.013561403508771932,
    0.35363408521303263,
    0.789065162907268,
    0.3091904761904762
  ],
  "std": [
    183.07086312064493,
    10.236783539658903,
    0.7333145486345625,
    0.5478259039008587,
    0.24172377823532906,
    8.15733304505367,
    1.0734801475285982,
    1.9896661124103534,
    0.09677323974388827,
    1.0889268328156094,
    2.1123633078359902,
    0.8400923958470823
  ],
  "coef": [
    [
      -0.5784623153410369,
      -0.2599748675700668,
      0.1669770614371078,
      0.27175849537749663,
      0.1655090389675608,
      0.0047472873146560905,
      0.054139542211870006,
      0.29540035522850566,
      -0.09738676463257931,
      -0.29962603570221147,
      0.10396394675323448,
      -0.24650648612911127
    ],
    [
      -0.7798178293733286,
      0.40356648303637704,
      -0.08542686493032806,
      -0.4876978176286707,
      -0.4434227432561328,
      0.38589802995805744,
      -0.38987532784913326,
      -0.04390661280462233,
      0.19759033605763998,
      0.14678971919095227,
      0.09070395147180695,
      0.24826078158413636
    ],
    [
      1.358280144714365,
      -0.14359161546631027,
      -0.08155019650677973,
      0.21593932225117446,
      0.2779137042885711,
      -0.39064531727271373,
      0.3357357856372634,
      -0.2514937424238829,
      -0.100203571425061,
      0.1528363165112596,
      -0.19466789822504132,
      -0.0017542954550252884
    ]
  ],
  "intercept": [
    -0.1454547338648734,
    -0.18700088125402323,
    0.3324556151188963
  ],
  "classes": [
    -1,
    0,
    1
  ],
  "feature_names": [
    "elo_diff",
    "spi_diff",
    "xg_diff",
    "xga_diff",
    "ppda_ratio",
    "field_tilt_diff",
    "coach_rating_diff",
    "squad_depth_diff",
    "gk_quality_diff",
    "set_piece_diff",
    "shots_in_box_diff",
    "goal_creating_actions_diff"
  ],
  "n_samples": 133,
  "training_accuracy": 0.706766917293233
}