{
  "mean": [
    65.1590909090909,
    3.272727272727275,
    0.19001866883116894,
    -0.08959090909090907,
    1.0843012056780117,
    2.231674242424244,
    0.162310606060606,
    0.5445075757575757,
    0.01264015151515152,
    0.27803030303030296,
    0.6074242424242423,
    0.23290530303030296
  ],
  "std": [
    330.6757161261425,
    11.779959168712297,
    0.769983163231394,
    0.6209709248127564,
    0.24528992064341892,
    8.370853702100092,
    1.097519282400563,
    2.071364439531768,
    0.09608040248349911,
    1.1608772627990203,
    2.1907518901071987,
    0.8665335131524473
  ],
  "coef": [
    [
      -1.054674815472103,
      -0.33224510670748825,
      0.1108627704246068,
      0.3247636800482803,
      0.23493505379713261,
      -0.01352789240282804,
      0.17582623738372616,
      0.2580315344460809,
      -0.22576008423727675,
      -0.23673701526053037,
      0.07754808048133041,
      -0.20704038265054506
    ],
    [
      -0.3003025048889689,
      0.33388459837714246,
      -0.11121046317610025,
      -0.38113593203955176,
      -0.39638465209638923,
      0.4662725573946614,
      -0.39975524951296665,
      -0.05394110614880808,
      0.30329313013146925,
      0.06311754246591096,
      -0.07713814976253408,
      0.056568678176632574
    ],
    [
      1.3549773203610715,
      -0.0016394916696541274,
      0.00034769275149330197,
      0.05637225199127167,
      0.16144959829925626,
      -0.45274466499183275,
      0.22392901212923988,
      -0.20409042829727322,
      -0.07753304589419276,
      0.1736194727946196,
      -0.0004099307187962279,
      0.15047170447391245
    ]
  ],
  "intercept": [
    -0.2909232453455422,
    -0.11990847683903756,
    0.41083172218458147
  ],
  "classes": [
    -1,
    0,
    1
  ],
  "feature_names": [
    "elo_diff",
    "spi_diff",
    "xg_diff",
    "xga_diff",
    "ppda_ratio",
    "field_tilt_diff",
    "coach_rating_diff",
    "squad_depth_diff",
    "gk_quality_diff",
    "set_piece_diff",
    "shots_in_box_diff",
    "goal_creating_actions_diff"
  ],
  "n_samples": 176,
  "training_accuracy": 0.6818181818181818
}