{
  "mean": [
    69.45128205128205,
    3.354358974358976,
    0.18776043956043956,
    -0.07763076923076925,
    1.0849483833856437,
    2.3178444444444457,
    0.17418803418803408,
    0.5509401709401708,
    0.009075213675213674,
    0.2663247863247863,
    0.6170290598290596,
    0.23816581196581188
  ],
  "std": [
    364.6139671796172,
    11.97545862188462,
    0.7326459900914531,
    0.5769224958629552,
    0.24545103276032423,
    8.388927629837529,
    1.1153949175933173,
    2.072715980960977,
    0.09740544709373206,
    1.1589069894445192,
    2.1827158990628215,
    0.867357832467909
  ],
  "coef": [
    [
      -1.179249424121703,
      -0.3670873318231248,
      -0.04744462285525761,
      0.2717858924730778,
      0.19847424900531196,
      -0.015077267149850524,
      0.19603836706088415,
      0.3422326609353789,
      -0.22810067386336383,
      -0.17822724137603652,
      0.08748802866757745,
      -0.23043258960061325
    ],
    [
      -0.29865966634331365,
      0.39166423446094356,
      0.12469688800277866,
      -0.3376369423987761,
      -0.34558055645256985,
      0.3606054441761911,
      -0.5046772580043309,
      -0.09156347725676578,
      0.3407722367035925,
      -0.04888947752712522,
      -0.029155639609161944,
      0.06948289815669431
    ],
    [
      1.4779090904650158,
      -0.024576902637818338,
      -0.07725226514752091,
      0.06585104992569775,
      0.14710630744725806,
      -0.3455281770263399,
      0.3086388909434466,
      -0.25066918367861224,
      -0.11267156284022922,
      0.22711671890316273,
      -0.05833238905841498,
      0.16094969144391932
    ]
  ],
  "intercept": [
    -0.268900405496306,
    -0.09607854571369161,
    0.36497895120999907
  ],
  "classes": [
    -1,
    0,
    1
  ],
  "feature_names": [
    "elo_diff",
    "spi_diff",
    "xg_diff",
    "xga_diff",
    "ppda_ratio",
    "field_tilt_diff",
    "coach_rating_diff",
    "squad_depth_diff",
    "gk_quality_diff",
    "set_piece_diff",
    "shots_in_box_diff",
    "goal_creating_actions_diff"
  ],
  "n_samples": 195,
  "training_accuracy": 0.6820512820512821
}