{
  "mean": [
    56.65408805031446,
    3.447169811320757,
    0.2037313566936209,
    -0.0628176100628931,
    1.0861582135078045,
    2.279960167714886,
    0.18029350104821795,
    0.562473794549266,
    0.013702306079664573,
    0.310272536687631,
    0.6227777777777775,
    0.23758071278825985
  ],
  "std": [
    266.38533085713726,
    11.277348652008715,
    0.7607557364601311,
    0.60695097203743,
    0.24532013489046703,
    8.372536738651112,
    1.097220067953057,
    2.0473252723070265,
    0.09679874293293368,
    1.1265858435869123,
    2.173453188186768,
    0.8636114542054499
  ],
  "coef": [
    [
      -0.7486555898179464,
      -0.3304495369030952,
      0.18338292659632313,
      0.3577910015463992,
      0.21115812846647566,
      -0.0536561509233297,
      0.15149859569932805,
      0.2886207185406757,
      -0.21094641866339944,
      -0.27622227623054474,
      0.06506421613017845,
      -0.22223347069966448
    ],
    [
      -0.4709360764278628,
      0.372009512283319,
      -0.19705769703979245,
      -0.4775955676311352,
      -0.3962440927736123,
      0.40318075044572055,
      -0.35433915029026825,
      0.0007414526238606033,
      0.21704162556861645,
      0.08570793355664043,
      0.02370616753608068,
      0.11609223642838964
    ],
    [
      1.219591666245809,
      -0.04155997538022369,
      0.013674770443469587,
      0.11980456608473661,
      0.1850859643071369,
      -0.3495245995223908,
      0.20284055459094036,
      -0.2893621711645368,
      -0.006095206905217109,
      0.19051434267390416,
      -0.08877038366626006,
      0.10614123427127477
    ]
  ],
  "intercept": [
    -0.2151039910781931,
    -0.14875318732347909,
    0.3638571784016713
  ],
  "classes": [
    -1,
    0,
    1
  ],
  "feature_names": [
    "elo_diff",
    "spi_diff",
    "xg_diff",
    "xga_diff",
    "ppda_ratio",
    "field_tilt_diff",
    "coach_rating_diff",
    "squad_depth_diff",
    "gk_quality_diff",
    "set_piece_diff",
    "shots_in_box_diff",
    "goal_creating_actions_diff"
  ],
  "n_samples": 159,
  "training_accuracy": 0.710691823899371
}